claim_nk,source_member_id,billing_provider_nk,facility_nk,primary_icd10_cd,service_date,paid_date,claim_type_cd,claim_status,place_of_service_cd,billed_amt,allowed_amt,paid_amt,member_responsibility
SYN-CLM-70001,SYN-CLM-9001,SYN-PRV-1001,SYN-FAC-02,Z00.00,2024-01-15,2024-02-01,PROF,PAID,11,185.00,150.00,120.00,30.00
SYN-CLM-70002,SYN-CLM-9001,SYN-PRV-1005,SYN-FAC-01,I25.10,2024-03-02,2024-04-10,INST,PAID,21,18450.00,14200.00,13500.00,700.00
SYN-CLM-70003,SYN-CLM-9002,SYN-PRV-1002,SYN-FAC-02,E11.9,2024-02-10,2024-02-28,PROF,PAID,11,240.00,200.00,160.00,40.00
SYN-CLM-70004,SYN-CLM-9003,SYN-PRV-1006,SYN-FAC-01,J18.9,2024-01-28,2024-03-05,INST,PAID,21,27600.00,21000.00,20000.00,1000.00
SYN-CLM-70005,SYN-CLM-9003,SYN-PRV-1002,SYN-FAC-02,J18.9,2024-02-20,2024-03-15,PROF,PAID,11,310.00,250.00,200.00,50.00
SYN-CLM-70006,SYN-CLM-9004,SYN-PRV-1003,SYN-FAC-02,J45.909,2024-04-05,2024-04-25,PROF,PAID,11,195.00,160.00,160.00,0.00
SYN-CLM-70007,SYN-CLM-9005,SYN-PRV-1002,SYN-FAC-04,R05.9,2024-03-18,2024-04-02,PROF,PAID,20,420.00,350.00,280.00,70.00
SYN-CLM-70008,SYN-CLM-9006,SYN-PRV-1003,SYN-FAC-02,Z23,2024-05-01,2024-05-20,PROF,PAID,11,95.00,80.00,80.00,0.00
SYN-CLM-70009,SYN-CLM-9007,SYN-PRV-1001,SYN-FAC-05,F41.1,2024-02-28,2024-03-18,PROF,PAID,02,150.00,130.00,100.00,30.00
SYN-CLM-70010,SYN-CLM-9008,SYN-PRV-1003,SYN-FAC-02,J06.9,2024-01-09,,PROF,DENIED,11,175.00,0.00,0.00,0.00
SYN-CLM-70011,SYN-CLM-9001,SYN-PRV-1001,SYN-FAC-02,I10,2024-05-12,,PROF,PENDING,11,210.00,0.00,0.00,0.00
SYN-CLM-70012,SYN-CLM-9011,SYN-PRV-1007,SYN-FAC-03,M54.5,2024-03-25,2024-04-20,PROF,PAID,24,2800.00,2200.00,1900.00,300.00
SYN-CLM-70013,SYN-CLM-9013,SYN-PRV-1002,SYN-FAC-02,E78.5,2024-04-18,2024-05-05,PROF,PAID,11,225.00,180.00,150.00,30.00
SYN-CLM-70014,SYN-CLM-9002,SYN-PRV-1006,SYN-FAC-01,G43.909,2024-05-08,2024-05-28,PROF,PAID,23,1850.00,1400.00,1200.00,200.00
SYN-CLM-70015,SYN-CLM-9005,SYN-PRV-1005,SYN-FAC-01,N18.3,2024-04-01,2024-04-22,INST,ADJUSTED,21,5400.00,4100.00,3900.00,200.00
