order_id,customer_id,order_date,order_value,priority
ORD00001,C002,2024-01-01,12374.76,STD
ORD00002,C003,2024-01-02,41698.15,HOT
ORD00003,C004,2024-01-03,20535.62,EXP
ORD00004,C005,2024-01-04,28851.49,EXP
ORD00005,C006,2024-01-05,2455.64,EXP
ORD00006,C007,2024-01-06,34189.94,EXP
ORD00007,C008,2024-01-07,29930.52,HOT
ORD00008,C009,2024-01-08,18821.69,STD
ORD00009,C010,2024-01-09,12754.83,EXP
ORD00010,C011,2024-01-10,32419.9,EXP
ORD00011,C012,2024-01-11,24055.78,EXP
ORD00012,C013,2024-01-12,38387.87,STD
ORD00013,C014,2024-01-13,12057.84,STD
ORD00014,C015,2024-01-14,2339.19,HOT
ORD00015,C016,2024-01-15,25708.11,EXP
ORD00016,C017,2024-01-16,27295.49,EXP
ORD00017,C018,2024-01-17,12315.72,STD
ORD00018,C019,2024-01-18,39922.1,HOT
ORD00019,C020,2024-01-19,4789.98,HOT
ORD00020,C021,2024-01-20,30673.98,EXP
ORD00021,C022,2024-01-21,37630.8,HOT
ORD00022,C023,2024-01-22,5451.7,EXP
ORD00023,C024,2024-01-23,7883.48,STD
ORD00024,C025,2024-01-24,43544.61,HOT
ORD00025,C026,2024-01-25,33534.94,STD
ORD00026,C027,2024-01-26,34970.14,EXP
ORD00027,C028,2024-01-27,37951.86,HOT
ORD00028,C029,2024-01-28,37844.64,EXP
ORD00029,C030,2024-01-29,17969.36,EXP
ORD00030,C031,2024-01-30,16062.6,STD
ORD00031,C032,2024-01-31,32191.19,STD
ORD00032,C033,2024-02-01,24164.74,HOT
ORD00033,C034,2024-02-02,18906.97,EXP
ORD00034,C035,2024-02-03,6443.64,EXP
ORD00035,C036,2024-02-04,30844.8,EXP
ORD00036,C037,2024-02-05,3472.12,STD
ORD00037,C038,2024-02-06,38411.09,HOT
ORD00038,C039,2024-02-07,10981.67,EXP
ORD00039,C040,2024-02-08,18463.79,HOT
ORD00040,C001,2024-02-09,32929.58,HOT
ORD00041,C002,2024-02-10,35587.06,STD
ORD00042,C003,2024-02-11,7226.44,HOT
ORD00043,C004,2024-02-12,38310.54,STD
ORD00044,C005,2024-02-13,22775.4,EXP
ORD00045,C006,2024-02-14,40497.29,HOT
ORD00046,C007,2024-02-15,43659.73,HOT
ORD00047,C008,2024-02-16,17452.02,EXP
ORD00048,C009,2024-02-17,6341.91,HOT
ORD00049,C010,2024-02-18,39460.37,EXP
ORD00050,C011,2024-02-19,27749.69,EXP
ORD00051,C012,2024-02-20,32184.93,HOT
ORD00052,C013,2024-02-21,27415.76,HOT
ORD00053,C014,2024-02-22,12649.75,STD
ORD00054,C015,2024-02-23,40723.04,EXP
ORD00055,C016,2024-02-24,4675.88,HOT
ORD00056,C017,2024-02-25,25820.12,STD
ORD00057,C018,2024-02-26,16507.36,HOT
ORD00058,C019,2024-02-27,23518.5,STD
ORD00059,C020,2024-02-28,37817.49,EXP
ORD00060,C021,2024-02-29,10218.46,EXP
ORD00061,C022,2024-03-01,28501.24,STD
ORD00062,C023,2024-03-02,20385.82,HOT
ORD00063,C024,2024-03-03,3129.96,EXP
ORD00064,C025,2024-03-04,26765.92,HOT
ORD00065,C026,2024-03-05,36428.2,STD
ORD00066,C027,2024-03-06,24434.9,EXP
ORD00067,C028,2024-03-07,5419.29,STD
ORD00068,C029,2024-03-08,13589.65,EXP
ORD00069,C030,2024-03-09,43429.97,HOT
ORD00070,C031,2024-03-10,25796.11,STD
ORD00071,C032,2024-03-11,25268.76,STD
ORD00072,C033,2024-03-12,13036.03,HOT
ORD00073,C034,2024-03-13,24399.59,STD
ORD00074,C035,2024-03-14,10422.92,STD
ORD00075,C036,2024-03-15,1762.58,HOT
ORD00076,C037,2024-03-16,12428.58,EXP
ORD00077,C038,2024-03-17,3306.0,HOT
ORD00078,C039,2024-03-18,12681.14,STD
ORD00079,C040,2024-03-19,26528.94,EXP
ORD00080,C001,2024-03-20,17868.64,HOT
ORD00081,C002,2024-03-21,18701.75,HOT
ORD00082,C003,2024-03-22,39110.6,STD
ORD00083,C004,2024-03-23,36285.58,HOT
ORD00084,C005,2024-03-24,15159.42,EXP
ORD00085,C006,2024-03-25,3676.5,EXP
ORD00086,C007,2024-03-26,26114.35,EXP
ORD00087,C008,2024-03-27,20701.63,HOT
ORD00088,C009,2024-03-28,39677.28,HOT
ORD00089,C010,2024-03-29,20732.07,EXP
ORD00090,C011,2024-03-30,27897.98,STD
ORD00091,C012,2024-03-31,18428.04,EXP
ORD00092,C013,2024-04-01,34300.25,STD
ORD00093,C014,2024-04-02,33251.73,HOT
ORD00094,C015,2024-04-03,1235.59,STD
ORD00095,C016,2024-04-04,35665.58,HOT
ORD00096,C017,2024-04-05,9254.6,EXP
ORD00097,C018,2024-04-06,9452.22,HOT
ORD00098,C019,2024-04-07,37790.59,EXP
ORD00099,C020,2024-04-08,33770.5,STD
ORD00100,C021,2024-04-09,41437.57,HOT
ORD00101,C022,2024-04-10,27783.39,STD
ORD00102,C023,2024-04-11,3291.46,STD
ORD00103,C024,2024-04-12,19097.21,HOT
ORD00104,C025,2024-04-13,32628.38,HOT
ORD00105,C026,2024-04-14,24429.26,HOT
ORD00106,C027,2024-04-15,16314.46,STD
ORD00107,C028,2024-04-16,25659.26,EXP
ORD00108,C029,2024-04-17,44620.34,EXP
ORD00109,C030,2024-04-18,5184.08,HOT
ORD00110,C031,2024-04-19,8295.18,EXP
ORD00111,C032,2024-04-20,19235.34,STD
ORD00112,C033,2024-04-21,36299.57,EXP
ORD00113,C034,2024-04-22,34885.86,EXP
ORD00114,C035,2024-04-23,5248.15,STD
ORD00115,C036,2024-04-24,16692.52,EXP
ORD00116,C037,2024-04-25,22127.9,STD
ORD00117,C038,2024-04-26,41071.64,EXP
ORD00118,C039,2024-04-27,21692.78,STD
ORD00119,C040,2024-04-28,38323.61,HOT
ORD00120,C001,2024-04-29,25572.01,HOT
ORD00121,C002,2024-04-30,17806.34,EXP
ORD00122,C003,2024-05-01,11711.35,STD
ORD00123,C004,2024-05-02,42219.46,STD
ORD00124,C005,2024-05-03,32104.56,HOT
ORD00125,C006,2024-05-04,19935.26,HOT
ORD00126,C007,2024-05-05,32795.04,STD
ORD00127,C008,2024-05-06,36628.18,EXP
ORD00128,C009,2024-05-07,6455.42,STD
ORD00129,C010,2024-05-08,5445.24,HOT
ORD00130,C011,2024-05-09,26547.93,EXP
ORD00131,C012,2024-05-10,1728.34,STD
ORD00132,C013,2024-05-11,21135.18,STD
ORD00133,C014,2024-05-12,9576.17,HOT
ORD00134,C015,2024-05-13,24271.14,STD
ORD00135,C016,2024-05-14,38704.04,EXP
ORD00136,C017,2024-05-15,28293.85,EXP
ORD00137,C018,2024-05-16,22061.49,HOT
ORD00138,C019,2024-05-17,40730.49,STD
ORD00139,C020,2024-05-18,11331.86,EXP
ORD00140,C021,2024-05-19,17526.18,STD
ORD00141,C022,2024-05-20,4863.64,STD
ORD00142,C023,2024-05-21,42544.55,EXP
ORD00143,C024,2024-05-22,20810.12,HOT
ORD00144,C025,2024-05-23,41461.09,HOT
ORD00145,C026,2024-05-24,31960.89,EXP
ORD00146,C027,2024-05-25,34395.24,HOT
ORD00147,C028,2024-05-26,32739.25,STD
ORD00148,C029,2024-05-27,38845.61,STD
ORD00149,C030,2024-05-28,18309.61,HOT
ORD00150,C031,2024-05-29,38854.08,STD
ORD00151,C032,2024-05-30,32398.86,EXP
ORD00152,C033,2024-05-31,31295.43,EXP
ORD00153,C034,2024-06-01,27462.32,STD
ORD00154,C035,2024-06-02,40951.69,HOT
ORD00155,C036,2024-06-03,17485.39,HOT
ORD00156,C037,2024-06-04,11117.75,STD
ORD00157,C038,2024-06-05,718.04,HOT
ORD00158,C039,2024-06-06,35568.37,STD
ORD00159,C040,2024-06-07,28708.45,HOT
ORD00160,C001,2024-06-08,29326.13,STD
ORD00161,C002,2024-06-09,4673.98,STD
ORD00162,C003,2024-06-10,36221.05,STD
ORD00163,C004,2024-06-11,21260.77,EXP
ORD00164,C005,2024-06-12,11200.06,STD
ORD00165,C006,2024-06-13,35002.56,STD
ORD00166,C007,2024-06-14,41900.78,HOT
ORD00167,C008,2024-06-15,26223.67,EXP
ORD00168,C009,2024-06-16,12201.5,STD
ORD00169,C010,2024-06-17,21322.23,EXP
ORD00170,C011,2024-06-18,34191.86,STD
ORD00171,C012,2024-06-19,34298.3,HOT
ORD00172,C013,2024-06-20,4797.6,STD
ORD00173,C014,2024-06-21,36414.36,STD
ORD00174,C015,2024-06-22,27907.59,EXP
ORD00175,C016,2024-06-23,5207.91,EXP
ORD00176,C017,2024-06-24,41277.59,STD
ORD00177,C018,2024-06-25,3710.14,STD
ORD00178,C019,2024-06-26,25237.31,STD
ORD00179,C020,2024-06-27,22860.14,HOT
ORD00180,C021,2024-06-28,27769.9,HOT
ORD00181,C022,2024-06-29,3954.16,STD
ORD00182,C023,2024-06-30,29934.34,HOT
ORD00183,C024,2024-07-01,13447.95,EXP
ORD00184,C025,2024-07-02,30346.31,HOT
ORD00185,C026,2024-07-03,33652.34,STD
ORD00186,C027,2024-07-04,8837.89,HOT
ORD00187,C028,2024-07-05,36614.02,EXP
ORD00188,C029,2024-07-06,9789.74,HOT
ORD00189,C030,2024-07-07,29427.59,STD
ORD00190,C031,2024-07-08,30391.96,STD
ORD00191,C032,2024-07-09,27764.27,STD
ORD00192,C033,2024-07-10,24802.16,EXP
ORD00193,C034,2024-07-11,30655.49,STD
ORD00194,C035,2024-07-12,32992.71,STD
ORD00195,C036,2024-07-13,4495.35,EXP
ORD00196,C037,2024-07-14,13971.18,EXP
ORD00197,C038,2024-07-15,7078.12,HOT
ORD00198,C039,2024-07-16,26142.6,EXP
ORD00199,C040,2024-07-17,34711.16,STD
ORD00200,C001,2024-07-18,4009.02,STD
