shipment_id,order_id,bu,region,carrier,mode,planned_ship_date,actual_ship_date,planned_delivery_date,actual_delivery_date,ordered_qty,shipped_qty,freight_cost,yard_dwell_hours,status
SHP00001,ORD00001,Ecom,West,AMZL,TL,2024-01-02,2024-01-02,2024-01-04,2024-01-04,61,61,609.62,4.9,DELIVERED
SHP00002,ORD00002,Ecom,East,XPO,TL,2024-01-03,2024-01-03,2024-01-07,2024-01-07,35,35,741.56,13.3,IN_TRANSIT
SHP00003,ORD00003,Wholesale,West,JBHT,LTL,2024-01-04,2024-01-04,2024-01-08,2024-01-07,138,138,1959.8,13.1,DELIVERED
SHP00004,ORD00004,Retail,South,FXFE,PARCEL,2024-01-05,2024-01-07,2024-01-13,2024-01-13,157,157,1933.99,35.2,DELIVERED
SHP00005,ORD00005,Ecom,Central,UPGF,TL,2024-01-06,2024-01-06,2024-01-11,2024-01-14,57,57,498.17,29.5,DELIVERED
SHP00006,ORD00006,Ecom,West,AMZL,TL,2024-01-07,2024-01-08,2024-01-11,2024-01-14,30,30,1075.02,14.8,DELIVERED
SHP00007,ORD00007,Ecom,East,JBHT,PARCEL,2024-01-08,2024-01-09,2024-01-11,2024-01-11,77,77,1216.96,19.6,DELIVERED
SHP00008,ORD00008,Ecom,Central,ODFL,TL,2024-01-09,2024-01-09,2024-01-15,2024-01-15,125,125,1960.78,21.3,DELIVERED
SHP00009,ORD00009,Wholesale,Central,AMZL,PARCEL,2024-01-10,2024-01-10,2024-01-15,2024-01-14,70,70,491.25,9.7,IN_TRANSIT
SHP00010,ORD00010,Wholesale,West,ODFL,PARCEL,2024-01-11,2024-01-13,2024-01-19,2024-01-19,93,93,1034.47,35.4,IN_TRANSIT
SHP00011,ORD00011,Wholesale,East,JBHT,TL,2024-01-12,2024-01-12,2024-01-17,,173,173,1069.67,28.7,DELIVERED
SHP00012,ORD00012,Wholesale,West,AMZL,LTL,2024-01-13,2024-01-15,2024-01-19,2024-01-19,75,75,1143.47,21.1,EXCEPTION
SHP00013,ORD00013,Wholesale,South,XPO,TL,2024-01-14,2024-01-14,2024-01-20,2024-01-19,56,56,352.92,15.7,EXCEPTION
SHP00014,ORD00014,Ecom,East,AMZL,TL,2024-01-15,2024-01-15,2024-01-19,2024-01-19,126,122,1045.13,18.1,DELIVERED
SHP00015,ORD00015,Retail,Central,FXFE,PARCEL,2024-01-16,2024-01-16,2024-01-20,2024-01-20,193,193,607.86,17.7,DELIVERED
SHP00016,ORD00016,Ecom,East,JBHT,PARCEL,2024-01-17,2024-01-17,2024-01-23,2024-01-22,126,126,411.3,35.5,IN_TRANSIT
SHP00017,ORD00017,Wholesale,Central,UPGF,TL,2024-01-18,2024-01-18,2024-01-22,2024-01-22,25,21,842.32,15.0,DELIVERED
SHP00018,ORD00018,Ecom,East,JBHT,PARCEL,2024-01-19,2024-01-20,2024-01-25,2024-01-25,27,27,657.85,34.7,IN_TRANSIT
SHP00019,ORD00019,Wholesale,Central,ODFL,TL,2024-01-20,2024-01-21,2024-01-26,2024-01-25,176,176,1756.13,35.4,DELIVERED
SHP00020,ORD00020,Wholesale,Central,JBHT,TL,2024-01-21,2024-01-22,2024-01-24,2024-01-24,101,101,1636.78,24.1,IN_TRANSIT
SHP00021,ORD00021,Wholesale,East,UPGF,TL,2024-01-22,2024-01-22,2024-01-26,2024-01-26,31,31,155.67,1.4,DELIVERED
SHP00022,ORD00022,Retail,South,XPO,LTL,2024-01-23,2024-01-23,2024-01-27,2024-01-26,46,46,1077.91,19.7,DELIVERED
SHP00023,ORD00023,Ecom,South,AMZL,LTL,2024-01-24,2024-01-26,2024-01-30,2024-01-29,64,64,749.5,9.2,DELIVERED
SHP00024,ORD00024,Ecom,South,ODFL,TL,2024-01-25,2024-01-26,2024-01-31,2024-01-31,129,129,1547.05,26.7,DELIVERED
SHP00025,ORD00025,Wholesale,Central,JBHT,TL,2024-01-26,2024-01-26,2024-01-31,2024-01-31,180,180,1728.75,7.3,IN_TRANSIT
SHP00026,ORD00026,Wholesale,West,UPGF,TL,2024-01-27,2024-01-27,2024-01-29,2024-01-28,198,198,2256.2,2.2,EXCEPTION
SHP00027,ORD00027,Ecom,East,XPO,TL,2024-01-28,2024-01-28,2024-02-01,2024-02-04,103,103,718.74,2.8,IN_TRANSIT
SHP00028,ORD00028,Wholesale,Central,ODFL,PARCEL,2024-01-29,2024-01-29,2024-02-02,2024-02-02,95,95,400.67,7.7,IN_TRANSIT
SHP00029,ORD00029,Ecom,South,UPGF,PARCEL,2024-01-30,2024-01-30,2024-02-05,,20,20,834.97,1.2,DELIVERED
SHP00030,ORD00030,Ecom,South,UPGF,LTL,2024-01-31,2024-02-01,2024-02-07,2024-02-07,138,138,1777.44,21.9,DELIVERED
SHP00031,ORD00031,Retail,East,FXFE,TL,2024-02-01,2024-02-01,2024-02-03,2024-02-03,170,170,2295.52,24.0,IN_TRANSIT
SHP00032,ORD00032,Retail,Central,FXFE,TL,2024-02-02,2024-02-02,2024-02-06,2024-02-06,87,87,1496.3,33.0,EXCEPTION
SHP00033,ORD00033,Wholesale,South,FXFE,LTL,2024-02-03,2024-02-05,2024-02-11,2024-02-12,117,117,1533.39,35.8,DELIVERED
SHP00034,ORD00034,Retail,West,JBHT,LTL,2024-02-04,2024-02-05,2024-02-10,,174,174,1713.09,35.5,DELIVERED
SHP00035,ORD00035,Retail,South,AMZL,PARCEL,2024-02-05,2024-02-05,2024-02-07,2024-02-08,80,80,239.33,28.1,DELIVERED
SHP00036,ORD00036,Wholesale,West,AMZL,LTL,2024-02-06,2024-02-06,2024-02-10,,137,137,155.06,23.8,DELIVERED
SHP00037,ORD00037,Wholesale,West,XPO,TL,2024-02-07,2024-02-08,2024-02-12,2024-02-11,52,52,1852.08,17.4,DELIVERED
SHP00038,ORD00038,Wholesale,South,JBHT,TL,2024-02-08,2024-02-08,2024-02-10,2024-02-09,51,51,1987.41,20.8,IN_TRANSIT
SHP00039,ORD00039,Ecom,Central,UPGF,PARCEL,2024-02-09,2024-02-09,2024-02-11,2024-02-10,190,190,2098.47,22.0,IN_TRANSIT
SHP00040,ORD00040,Wholesale,East,JBHT,TL,2024-02-10,2024-02-12,2024-02-17,2024-02-17,106,106,885.23,10.4,DELIVERED
SHP00041,ORD00041,Ecom,South,XPO,PARCEL,2024-02-11,2024-02-13,2024-02-15,2024-02-15,156,156,1437.74,28.9,DELIVERED
SHP00042,ORD00042,Retail,Central,UPGF,LTL,2024-02-12,2024-02-12,2024-02-16,2024-02-15,111,111,1214.13,4.1,IN_TRANSIT
SHP00043,ORD00043,Ecom,Central,JBHT,PARCEL,2024-02-13,2024-02-13,2024-02-16,2024-02-15,76,76,570.18,7.7,DELIVERED
SHP00044,ORD00044,Retail,East,FXFE,TL,2024-02-14,2024-02-14,2024-02-18,2024-02-18,113,113,372.56,23.1,DELIVERED
SHP00045,ORD00045,Retail,West,FXFE,LTL,2024-02-15,2024-02-15,2024-02-19,2024-02-19,81,81,2181.28,18.0,DELIVERED
SHP00046,ORD00046,Retail,Central,FXFE,TL,2024-02-16,2024-02-16,2024-02-20,2024-02-20,161,161,550.15,3.9,DELIVERED
SHP00047,ORD00047,Retail,South,FXFE,PARCEL,2024-02-17,2024-02-17,2024-02-23,2024-02-22,127,127,732.12,20.8,DELIVERED
SHP00048,ORD00048,Ecom,East,ODFL,LTL,2024-02-18,2024-02-20,2024-02-25,2024-02-25,104,104,2359.98,3.1,DELIVERED
SHP00049,ORD00049,Wholesale,West,FXFE,LTL,2024-02-19,2024-02-19,2024-02-23,2024-02-22,199,199,133.75,8.0,IN_TRANSIT
SHP00050,ORD00050,Wholesale,Central,JBHT,LTL,2024-02-20,2024-02-22,2024-02-28,2024-02-27,36,36,1023.56,16.4,DELIVERED
SHP00051,ORD00051,Retail,West,UPGF,TL,2024-02-21,2024-02-21,2024-02-26,2024-02-26,19,19,452.64,16.7,DELIVERED
SHP00052,ORD00052,Retail,South,FXFE,PARCEL,2024-02-22,2024-02-23,2024-02-25,2024-02-25,96,96,910.11,26.8,DELIVERED
SHP00053,ORD00053,Wholesale,East,ODFL,LTL,2024-02-23,2024-02-24,2024-03-01,2024-03-01,48,48,2118.16,12.7,DELIVERED
SHP00054,ORD00054,Retail,East,UPGF,TL,2024-02-24,2024-02-24,2024-02-29,2024-03-02,133,128,403.67,27.4,IN_TRANSIT
SHP00055,ORD00055,Wholesale,East,FXFE,PARCEL,2024-02-25,2024-02-26,2024-03-01,2024-03-01,34,34,463.56,23.4,EXCEPTION
SHP00056,ORD00056,Ecom,Central,ODFL,TL,2024-02-26,2024-02-28,2024-03-03,2024-03-03,10,10,2290.52,8.6,DELIVERED
SHP00057,ORD00057,Ecom,West,FXFE,PARCEL,2024-02-27,2024-02-27,2024-03-01,2024-03-01,192,192,1931.85,7.1,DELIVERED
SHP00058,ORD00058,Wholesale,West,UPGF,TL,2024-02-28,2024-03-01,2024-03-04,2024-03-04,12,7,2123.74,31.3,EXCEPTION
SHP00059,ORD00059,Wholesale,East,ODFL,PARCEL,2024-02-29,2024-02-29,2024-03-02,2024-03-02,44,44,993.7,6.7,IN_TRANSIT
SHP00060,ORD00060,Ecom,West,FXFE,TL,2024-03-01,2024-03-03,2024-03-09,2024-03-09,143,143,2063.35,31.3,IN_TRANSIT
SHP00061,ORD00061,Ecom,South,JBHT,PARCEL,2024-03-02,2024-03-03,2024-03-09,,84,84,2034.72,5.7,DELIVERED
SHP00062,ORD00062,Ecom,West,FXFE,LTL,2024-03-03,2024-03-03,2024-03-06,2024-03-06,36,36,1878.22,10.1,EXCEPTION
SHP00063,ORD00063,Ecom,East,FXFE,TL,2024-03-04,2024-03-06,2024-03-09,2024-03-09,99,99,1294.75,18.5,IN_TRANSIT
SHP00064,ORD00064,Retail,East,AMZL,PARCEL,2024-03-05,2024-03-05,2024-03-07,2024-03-08,148,148,1063.94,34.2,DELIVERED
SHP00065,ORD00065,Wholesale,Central,JBHT,LTL,2024-03-06,2024-03-07,2024-03-12,2024-03-11,144,143,1822.96,30.5,IN_TRANSIT
SHP00066,ORD00066,Wholesale,East,JBHT,PARCEL,2024-03-07,2024-03-08,2024-03-14,2024-03-17,47,47,987.35,19.6,DELIVERED
SHP00067,ORD00067,Wholesale,South,JBHT,PARCEL,2024-03-08,2024-03-08,2024-03-13,,15,15,2452.85,35.1,DELIVERED
SHP00068,ORD00068,Ecom,West,UPGF,LTL,2024-03-09,2024-03-09,2024-03-15,2024-03-14,169,169,1358.33,16.2,DELIVERED
SHP00069,ORD00069,Ecom,Central,FXFE,TL,2024-03-10,2024-03-10,2024-03-12,2024-03-11,52,52,2337.98,16.4,DELIVERED
SHP00070,ORD00070,Ecom,Central,JBHT,PARCEL,2024-03-11,2024-03-11,2024-03-16,2024-03-16,72,72,647.45,14.5,IN_TRANSIT
SHP00071,ORD00071,Retail,East,XPO,LTL,2024-03-12,2024-03-13,2024-03-19,2024-03-19,130,130,1419.28,34.9,EXCEPTION
SHP00072,ORD00072,Wholesale,Central,XPO,LTL,2024-03-13,2024-03-13,2024-03-17,2024-03-18,92,92,1957.67,6.5,DELIVERED
SHP00073,ORD00073,Wholesale,Central,AMZL,LTL,2024-03-14,2024-03-16,2024-03-20,2024-03-20,142,142,2474.55,24.7,DELIVERED
SHP00074,ORD00074,Ecom,Central,UPGF,LTL,2024-03-15,2024-03-16,2024-03-20,2024-03-20,182,182,1889.0,27.6,EXCEPTION
SHP00075,ORD00075,Ecom,West,JBHT,TL,2024-03-16,2024-03-16,2024-03-19,2024-03-19,11,11,1481.26,15.6,IN_TRANSIT
SHP00076,ORD00076,Ecom,Central,XPO,TL,2024-03-17,2024-03-19,2024-03-25,2024-03-27,187,187,1441.74,14.5,IN_TRANSIT
SHP00077,ORD00077,Retail,South,UPGF,TL,2024-03-18,2024-03-18,2024-03-23,2024-03-23,57,57,329.27,33.2,IN_TRANSIT
SHP00078,ORD00078,Retail,West,FXFE,TL,2024-03-19,2024-03-21,2024-03-24,2024-03-24,119,119,1303.66,33.2,IN_TRANSIT
SHP00079,ORD00079,Wholesale,South,JBHT,TL,2024-03-20,2024-03-22,2024-03-28,,142,142,1729.42,16.9,DELIVERED
SHP00080,ORD00080,Ecom,East,ODFL,TL,2024-03-21,2024-03-21,2024-03-27,2024-03-27,105,105,1167.59,22.9,IN_TRANSIT
SHP00081,ORD00081,Wholesale,East,FXFE,PARCEL,2024-03-22,2024-03-24,2024-03-26,2024-03-28,103,103,1761.93,29.7,EXCEPTION
SHP00082,ORD00082,Retail,South,ODFL,LTL,2024-03-23,2024-03-23,2024-03-29,2024-03-28,63,63,1555.44,13.4,DELIVERED
SHP00083,ORD00083,Retail,Central,JBHT,LTL,2024-03-24,2024-03-25,2024-03-27,2024-03-27,191,191,1710.09,7.9,EXCEPTION
SHP00084,ORD00084,Retail,East,JBHT,PARCEL,2024-03-25,2024-03-27,2024-04-02,2024-04-01,146,146,493.11,27.6,DELIVERED
SHP00085,ORD00085,Ecom,South,FXFE,PARCEL,2024-03-26,2024-03-26,2024-03-28,,135,135,1953.98,12.3,DELIVERED
SHP00086,ORD00086,Retail,Central,ODFL,TL,2024-03-27,2024-03-27,2024-03-31,2024-04-02,170,165,166.53,8.7,EXCEPTION
SHP00087,ORD00087,Retail,East,UPGF,LTL,2024-03-28,2024-03-30,2024-04-01,2024-03-31,71,71,2259.31,29.6,IN_TRANSIT
SHP00088,ORD00088,Wholesale,East,JBHT,TL,2024-03-29,2024-03-30,2024-04-05,2024-04-05,27,27,1814.02,1.8,DELIVERED
SHP00089,ORD00089,Wholesale,Central,FXFE,TL,2024-03-30,2024-03-30,2024-04-02,2024-04-04,57,54,1037.72,15.1,DELIVERED
SHP00090,ORD00090,Retail,South,XPO,TL,2024-03-31,2024-03-31,2024-04-05,2024-04-05,151,151,203.1,24.2,IN_TRANSIT
SHP00091,ORD00091,Retail,South,JBHT,LTL,2024-04-01,2024-04-01,2024-04-04,2024-04-04,60,60,959.95,26.3,EXCEPTION
SHP00092,ORD00092,Wholesale,East,AMZL,TL,2024-04-02,2024-04-04,2024-04-07,2024-04-07,139,139,1168.03,35.6,DELIVERED
SHP00093,ORD00093,Retail,Central,AMZL,TL,2024-04-03,2024-04-04,2024-04-10,,41,41,1829.38,6.1,DELIVERED
SHP00094,ORD00094,Retail,West,UPGF,TL,2024-04-04,2024-04-05,2024-04-07,2024-04-07,92,92,1925.12,7.7,IN_TRANSIT
SHP00095,ORD00095,Wholesale,South,AMZL,PARCEL,2024-04-05,2024-04-05,2024-04-08,2024-04-07,112,112,434.56,10.7,DELIVERED
SHP00096,ORD00096,Wholesale,East,JBHT,TL,2024-04-06,2024-04-06,2024-04-10,2024-04-10,178,178,352.52,11.2,IN_TRANSIT
SHP00097,ORD00097,Wholesale,East,XPO,LTL,2024-04-07,2024-04-09,2024-04-12,2024-04-12,113,111,213.38,11.9,DELIVERED
SHP00098,ORD00098,Wholesale,Central,FXFE,LTL,2024-04-08,2024-04-10,2024-04-13,2024-04-12,143,143,1968.01,11.0,DELIVERED
SHP00099,ORD00099,Retail,Central,AMZL,LTL,2024-04-09,2024-04-11,2024-04-17,2024-04-17,184,181,1890.56,35.9,DELIVERED
SHP00100,ORD00100,Ecom,South,UPGF,LTL,2024-04-10,2024-04-10,2024-04-16,2024-04-18,123,123,610.21,24.6,DELIVERED
SHP00101,ORD00101,Ecom,East,AMZL,LTL,2024-04-11,2024-04-12,2024-04-15,2024-04-18,153,153,714.26,3.1,IN_TRANSIT
SHP00102,ORD00102,Ecom,South,AMZL,TL,2024-04-12,2024-04-12,2024-04-17,2024-04-20,89,89,695.27,19.0,EXCEPTION
SHP00103,ORD00103,Ecom,East,XPO,PARCEL,2024-04-13,2024-04-13,2024-04-17,2024-04-17,191,191,1424.86,27.6,DELIVERED
SHP00104,ORD00104,Retail,Central,JBHT,LTL,2024-04-14,2024-04-14,2024-04-20,,62,59,2252.03,11.6,DELIVERED
SHP00105,ORD00105,Ecom,Central,XPO,LTL,2024-04-15,2024-04-15,2024-04-20,2024-04-20,93,93,228.48,17.4,EXCEPTION
SHP00106,ORD00106,Wholesale,South,ODFL,PARCEL,2024-04-16,2024-04-16,2024-04-20,2024-04-19,77,73,975.12,4.2,IN_TRANSIT
SHP00107,ORD00107,Retail,South,ODFL,TL,2024-04-17,2024-04-19,2024-04-23,2024-04-23,45,45,2409.61,19.4,DELIVERED
SHP00108,ORD00108,Wholesale,Central,ODFL,TL,2024-04-18,2024-04-18,2024-04-22,2024-04-22,107,107,2308.92,30.3,IN_TRANSIT
SHP00109,ORD00109,Ecom,South,FXFE,LTL,2024-04-19,2024-04-19,2024-04-21,2024-04-24,170,170,1308.88,6.5,IN_TRANSIT
SHP00110,ORD00110,Retail,South,AMZL,TL,2024-04-20,2024-04-22,2024-04-28,2024-04-28,186,186,215.06,16.4,DELIVERED
SHP00111,ORD00111,Wholesale,West,AMZL,LTL,2024-04-21,2024-04-21,2024-04-25,2024-04-28,140,140,1122.48,12.9,EXCEPTION
SHP00112,ORD00112,Wholesale,Central,UPGF,LTL,2024-04-22,2024-04-22,2024-04-25,2024-04-25,106,106,1411.68,19.1,EXCEPTION
SHP00113,ORD00113,Ecom,Central,UPGF,PARCEL,2024-04-23,2024-04-25,2024-04-28,2024-04-27,168,167,1479.28,34.3,EXCEPTION
SHP00114,ORD00114,Retail,South,AMZL,LTL,2024-04-24,2024-04-24,2024-04-28,2024-04-27,172,170,1498.19,20.4,EXCEPTION
SHP00115,ORD00115,Retail,East,ODFL,PARCEL,2024-04-25,2024-04-25,2024-05-01,2024-05-01,111,111,646.6,30.3,DELIVERED
SHP00116,ORD00116,Wholesale,East,UPGF,PARCEL,2024-04-26,2024-04-26,2024-05-02,2024-05-01,135,135,1870.7,32.8,DELIVERED
SHP00117,ORD00117,Ecom,West,AMZL,PARCEL,2024-04-27,2024-04-28,2024-04-30,2024-04-30,138,138,1214.77,25.0,DELIVERED
SHP00118,ORD00118,Ecom,West,JBHT,LTL,2024-04-28,2024-04-28,2024-05-04,,45,45,219.34,25.6,DELIVERED
SHP00119,ORD00119,Retail,East,UPGF,LTL,2024-04-29,2024-04-30,2024-05-04,2024-05-05,119,119,2192.44,6.9,IN_TRANSIT
SHP00120,ORD00120,Wholesale,South,FXFE,PARCEL,2024-04-30,2024-04-30,2024-05-04,2024-05-06,141,141,966.66,12.5,DELIVERED
SHP00121,ORD00121,Ecom,South,FXFE,LTL,2024-05-01,2024-05-01,2024-05-04,2024-05-04,187,187,295.54,10.0,DELIVERED
SHP00122,ORD00122,Ecom,Central,UPGF,PARCEL,2024-05-02,2024-05-04,2024-05-08,2024-05-07,107,107,759.54,16.5,DELIVERED
SHP00123,ORD00123,Retail,West,ODFL,PARCEL,2024-05-03,2024-05-03,2024-05-06,2024-05-06,18,18,1737.24,14.7,EXCEPTION
SHP00124,ORD00124,Ecom,East,XPO,LTL,2024-05-04,2024-05-04,2024-05-09,2024-05-08,142,139,223.9,6.9,IN_TRANSIT
SHP00125,ORD00125,Wholesale,South,XPO,LTL,2024-05-05,2024-05-06,2024-05-10,,100,100,1213.39,35.5,DELIVERED
SHP00126,ORD00126,Wholesale,Central,UPGF,PARCEL,2024-05-06,2024-05-06,2024-05-09,2024-05-09,26,26,2397.57,35.7,DELIVERED
SHP00127,ORD00127,Retail,Central,XPO,LTL,2024-05-07,2024-05-09,2024-05-11,2024-05-11,172,172,2353.97,24.8,IN_TRANSIT
SHP00128,ORD00128,Ecom,South,XPO,LTL,2024-05-08,2024-05-08,2024-05-12,2024-05-11,72,72,1718.77,31.9,EXCEPTION
SHP00129,ORD00129,Retail,West,AMZL,TL,2024-05-09,2024-05-11,2024-05-15,2024-05-15,99,99,1062.66,28.0,DELIVERED
SHP00130,ORD00130,Ecom,Central,FXFE,LTL,2024-05-10,2024-05-12,2024-05-14,2024-05-17,88,88,310.48,7.3,IN_TRANSIT
SHP00131,ORD00131,Retail,South,XPO,LTL,2024-05-11,2024-05-12,2024-05-16,2024-05-15,119,119,732.94,1.8,DELIVERED
SHP00132,ORD00132,Retail,Central,UPGF,PARCEL,2024-05-12,2024-05-12,2024-05-15,2024-05-15,22,22,695.33,3.0,DELIVERED
SHP00133,ORD00133,Retail,East,XPO,PARCEL,2024-05-13,2024-05-15,2024-05-17,2024-05-20,97,97,155.72,12.3,DELIVERED
SHP00134,ORD00134,Wholesale,Central,ODFL,LTL,2024-05-14,2024-05-14,2024-05-18,2024-05-17,16,16,2015.1,4.1,IN_TRANSIT
SHP00135,ORD00135,Ecom,Central,FXFE,TL,2024-05-15,2024-05-16,2024-05-22,2024-05-22,13,10,1843.44,12.5,DELIVERED
SHP00136,ORD00136,Wholesale,South,XPO,PARCEL,2024-05-16,2024-05-16,2024-05-19,2024-05-18,33,33,2180.81,6.4,IN_TRANSIT
SHP00137,ORD00137,Ecom,Central,AMZL,PARCEL,2024-05-17,2024-05-17,2024-05-23,2024-05-22,132,132,1198.52,10.7,IN_TRANSIT
SHP00138,ORD00138,Wholesale,East,AMZL,LTL,2024-05-18,2024-05-18,2024-05-22,2024-05-24,35,35,2450.22,33.8,DELIVERED
SHP00139,ORD00139,Wholesale,Central,AMZL,LTL,2024-05-19,2024-05-19,2024-05-21,2024-05-21,152,152,2192.59,30.9,DELIVERED
SHP00140,ORD00140,Wholesale,East,AMZL,TL,2024-05-20,2024-05-22,2024-05-24,2024-05-23,72,72,1045.89,8.4,DELIVERED
SHP00141,ORD00141,Wholesale,West,ODFL,PARCEL,2024-05-21,2024-05-21,2024-05-23,2024-05-26,112,112,2278.71,14.1,DELIVERED
SHP00142,ORD00142,Wholesale,East,XPO,TL,2024-05-22,2024-05-22,2024-05-26,2024-05-29,121,121,830.34,35.8,DELIVERED
SHP00143,ORD00143,Wholesale,West,XPO,LTL,2024-05-23,2024-05-25,2024-05-28,2024-05-28,44,44,2240.51,6.7,EXCEPTION
SHP00144,ORD00144,Wholesale,East,JBHT,LTL,2024-05-24,2024-05-24,2024-05-30,2024-05-31,198,198,828.29,1.9,DELIVERED
SHP00145,ORD00145,Wholesale,West,ODFL,TL,2024-05-25,2024-05-25,2024-05-27,2024-05-29,48,48,334.75,12.9,EXCEPTION
SHP00146,ORD00146,Retail,East,UPGF,PARCEL,2024-05-26,2024-05-26,2024-05-28,2024-05-28,170,170,1144.58,4.7,DELIVERED
SHP00147,ORD00147,Retail,South,FXFE,LTL,2024-05-27,2024-05-27,2024-05-31,2024-06-01,40,40,1406.24,23.2,DELIVERED
SHP00148,ORD00148,Retail,West,XPO,PARCEL,2024-05-28,2024-05-30,2024-06-03,2024-06-03,99,99,749.86,3.4,DELIVERED
SHP00149,ORD00149,Wholesale,West,AMZL,TL,2024-05-29,2024-05-29,2024-06-04,2024-06-07,102,102,1426.17,25.2,IN_TRANSIT
SHP00150,ORD00150,Wholesale,South,JBHT,LTL,2024-05-30,2024-05-31,2024-06-05,2024-06-05,108,108,1631.25,9.4,IN_TRANSIT
SHP00151,ORD00151,Retail,West,JBHT,PARCEL,2024-05-31,2024-06-02,2024-06-07,2024-06-07,179,174,1749.95,16.5,IN_TRANSIT
SHP00152,ORD00152,Ecom,Central,UPGF,PARCEL,2024-06-01,2024-06-02,2024-06-08,2024-06-11,175,175,677.95,23.0,EXCEPTION
SHP00153,ORD00153,Ecom,Central,FXFE,PARCEL,2024-06-02,2024-06-02,2024-06-04,2024-06-03,78,78,1700.9,33.3,IN_TRANSIT
SHP00154,ORD00154,Ecom,East,ODFL,LTL,2024-06-03,2024-06-03,2024-06-08,2024-06-08,143,143,1378.42,19.3,DELIVERED
SHP00155,ORD00155,Ecom,West,XPO,TL,2024-06-04,2024-06-04,2024-06-07,2024-06-07,179,179,2175.4,16.0,EXCEPTION
SHP00156,ORD00156,Ecom,Central,JBHT,PARCEL,2024-06-05,2024-06-05,2024-06-09,2024-06-09,101,101,1061.4,35.9,DELIVERED
SHP00157,ORD00157,Ecom,East,XPO,TL,2024-06-06,2024-06-07,2024-06-12,2024-06-12,142,142,685.56,14.0,IN_TRANSIT
SHP00158,ORD00158,Retail,East,XPO,PARCEL,2024-06-07,2024-06-08,2024-06-12,2024-06-13,10,10,2302.28,9.9,IN_TRANSIT
SHP00159,ORD00159,Wholesale,Central,UPGF,TL,2024-06-08,2024-06-09,2024-06-11,2024-06-11,32,32,1827.42,14.2,DELIVERED
SHP00160,ORD00160,Wholesale,East,UPGF,LTL,2024-06-09,2024-06-09,2024-06-14,2024-06-13,75,75,2147.07,21.3,DELIVERED
SHP00161,ORD00161,Ecom,South,JBHT,PARCEL,2024-06-10,2024-06-10,2024-06-14,2024-06-14,124,124,180.9,21.7,EXCEPTION
SHP00162,ORD00162,Wholesale,South,JBHT,LTL,2024-06-11,2024-06-12,2024-06-17,2024-06-17,55,55,2082.72,24.5,DELIVERED
SHP00163,ORD00163,Wholesale,South,FXFE,LTL,2024-06-12,2024-06-13,2024-06-19,2024-06-22,85,85,303.59,29.6,DELIVERED
SHP00164,ORD00164,Ecom,East,AMZL,TL,2024-06-13,2024-06-14,2024-06-16,2024-06-16,154,154,250.37,25.2,EXCEPTION
SHP00165,ORD00165,Wholesale,East,UPGF,LTL,2024-06-14,2024-06-16,2024-06-19,2024-06-19,170,170,1402.55,19.2,DELIVERED
SHP00166,ORD00166,Wholesale,West,XPO,TL,2024-06-15,2024-06-15,2024-06-20,2024-06-20,152,152,1024.94,16.3,IN_TRANSIT
SHP00167,ORD00167,Wholesale,South,AMZL,PARCEL,2024-06-16,2024-06-16,2024-06-19,2024-06-20,147,147,2334.5,13.0,EXCEPTION
SHP00168,ORD00168,Wholesale,West,XPO,LTL,2024-06-17,2024-06-19,2024-06-21,2024-06-21,146,141,813.85,25.9,EXCEPTION
SHP00169,ORD00169,Ecom,West,FXFE,LTL,2024-06-18,2024-06-19,2024-06-24,2024-06-24,24,24,291.19,21.9,DELIVERED
SHP00170,ORD00170,Ecom,Central,ODFL,PARCEL,2024-06-19,2024-06-19,2024-06-25,2024-06-25,137,137,466.95,33.1,DELIVERED
SHP00171,ORD00171,Wholesale,East,AMZL,TL,2024-06-20,2024-06-22,2024-06-24,2024-06-24,33,33,1172.93,15.9,DELIVERED
SHP00172,ORD00172,Ecom,Central,AMZL,PARCEL,2024-06-21,2024-06-21,2024-06-23,2024-06-25,85,85,856.77,10.0,DELIVERED
SHP00173,ORD00173,Ecom,Central,ODFL,PARCEL,2024-06-22,2024-06-22,2024-06-25,2024-06-25,93,93,342.75,17.3,DELIVERED
SHP00174,ORD00174,Retail,East,AMZL,PARCEL,2024-06-23,2024-06-24,2024-06-28,2024-06-28,19,19,812.01,13.2,EXCEPTION
SHP00175,ORD00175,Retail,East,ODFL,TL,2024-06-24,2024-06-24,2024-06-27,2024-06-27,163,163,2245.49,30.6,DELIVERED
SHP00176,ORD00176,Wholesale,East,ODFL,PARCEL,2024-06-25,2024-06-27,2024-07-01,2024-07-04,35,35,529.31,13.3,EXCEPTION
SHP00177,ORD00177,Wholesale,West,AMZL,PARCEL,2024-06-26,2024-06-26,2024-06-30,2024-06-30,38,38,1897.76,5.0,DELIVERED
SHP00178,ORD00178,Retail,South,AMZL,PARCEL,2024-06-27,2024-06-29,2024-07-04,2024-07-04,20,20,1495.62,13.4,IN_TRANSIT
SHP00179,ORD00179,Wholesale,East,XPO,LTL,2024-06-28,2024-06-28,2024-07-02,2024-07-03,94,90,688.15,6.4,IN_TRANSIT
SHP00180,ORD00180,Ecom,West,UPGF,TL,2024-06-29,2024-07-01,2024-07-07,2024-07-09,72,72,590.56,15.1,DELIVERED
SHP00181,ORD00181,Retail,West,FXFE,LTL,2024-06-30,2024-06-30,2024-07-03,2024-07-02,138,138,2002.7,21.0,DELIVERED
SHP00182,ORD00182,Ecom,West,XPO,PARCEL,2024-07-01,2024-07-01,2024-07-04,2024-07-06,17,17,320.7,21.2,DELIVERED
SHP00183,ORD00183,Retail,West,UPGF,TL,2024-07-02,2024-07-02,2024-07-08,2024-07-07,191,191,218.11,22.6,DELIVERED
SHP00184,ORD00184,Retail,Central,JBHT,TL,2024-07-03,2024-07-03,2024-07-07,,161,161,1996.9,6.2,DELIVERED
SHP00185,ORD00185,Ecom,Central,AMZL,LTL,2024-07-04,2024-07-04,2024-07-08,2024-07-08,60,60,2003.98,17.8,EXCEPTION
SHP00186,ORD00186,Wholesale,South,FXFE,PARCEL,2024-07-05,2024-07-07,2024-07-11,2024-07-10,172,171,951.09,6.7,EXCEPTION
SHP00187,ORD00187,Ecom,South,AMZL,PARCEL,2024-07-06,2024-07-07,2024-07-10,2024-07-09,87,87,1038.26,23.4,IN_TRANSIT
SHP00188,ORD00188,Retail,East,ODFL,PARCEL,2024-07-07,2024-07-09,2024-07-15,2024-07-14,39,36,683.21,18.2,DELIVERED
SHP00189,ORD00189,Wholesale,West,ODFL,PARCEL,2024-07-08,2024-07-09,2024-07-14,2024-07-13,97,97,2004.48,24.2,EXCEPTION
SHP00190,ORD00190,Wholesale,South,JBHT,PARCEL,2024-07-09,2024-07-09,2024-07-11,2024-07-10,14,14,467.08,20.1,DELIVERED
SHP00191,ORD00191,Retail,Central,ODFL,PARCEL,2024-07-10,2024-07-10,2024-07-15,2024-07-14,18,18,1089.72,19.8,DELIVERED
SHP00192,ORD00192,Retail,South,XPO,TL,2024-07-11,2024-07-11,2024-07-14,2024-07-14,106,106,982.45,8.8,EXCEPTION
SHP00193,ORD00193,Retail,South,UPGF,LTL,2024-07-12,2024-07-12,2024-07-17,,165,165,537.33,34.1,EXCEPTION
SHP00194,ORD00194,Ecom,South,ODFL,TL,2024-07-13,2024-07-15,2024-07-19,2024-07-18,35,35,300.65,22.8,EXCEPTION
SHP00195,ORD00195,Wholesale,West,AMZL,TL,2024-07-14,2024-07-14,2024-07-18,2024-07-17,191,191,1765.97,1.6,DELIVERED
SHP00196,ORD00196,Ecom,South,FXFE,TL,2024-07-15,2024-07-17,2024-07-22,2024-07-21,48,48,136.83,33.8,IN_TRANSIT
SHP00197,ORD00197,Retail,Central,AMZL,LTL,2024-07-16,2024-07-16,2024-07-19,2024-07-18,140,136,1415.4,15.7,EXCEPTION
SHP00198,ORD00198,Wholesale,Central,ODFL,PARCEL,2024-07-17,2024-07-17,2024-07-22,2024-07-21,102,102,235.01,19.6,DELIVERED
SHP00199,ORD00199,Ecom,East,AMZL,TL,2024-07-18,2024-07-18,2024-07-24,2024-07-24,51,51,1517.71,35.0,IN_TRANSIT
SHP00200,ORD00200,Wholesale,South,FXFE,PARCEL,2024-07-19,2024-07-19,2024-07-23,2024-07-23,60,60,1057.65,14.5,EXCEPTION
