customer_id,email,phone,state,credit_limit,updated_at,is_active
C001,user1@example.com,555-0001,CA,,2024-01-02T00:00:00,True
C002,user2@example.com,555-0002,ZZ,-50,2024-01-03T00:00:00,True
C003,user3@example.com,555-0003,,,2024-01-04T00:00:00,False
C004,user4@example.com,555-0004,NY,1000,2024-01-05T00:00:00,True
C005,user5@example.com,555-0005,CA,1000,2024-01-06T00:00:00,False
C006,user6@example.com,555-0006,NY,-50,2024-01-07T00:00:00,True
C007,,555-0007,NY,,2024-01-08T00:00:00,True
C008,user8@example.com,555-0008,,10000,2024-01-09T00:00:00,False
C009,user9@example.com,555-0009,NY,10000,2024-01-10T00:00:00,True
C010,user10@example.com,555-0010,TX,1000,2024-01-11T00:00:00,True
C011,user11@example.com,N/A,,1000,2024-01-12T00:00:00,True
C012,user12@example.com,555-0012,,5000,2024-01-13T00:00:00,False
C013,user13@example.com,555-0013,,,2024-01-14T00:00:00,True
C014,,555-0014,TX,5000,2024-01-15T00:00:00,True
C001,user15@example.com,555-0015,,,2024-01-16T00:00:00,True
C016,user16@example.com,555-0016,TX,5000,2024-01-17T00:00:00,False
C017,user17@example.com,555-0017,TX,10000,2024-01-18T00:00:00,True
C018,user18@example.com,555-0018,NY,10000,2024-01-19T00:00:00,True
C019,user19@example.com,555-0019,ZZ,5000,2024-01-20T00:00:00,True
C020,user20@example.com,555-0020,CA,10000,2024-01-21T00:00:00,True
C021,,555-0021,TX,10000,2024-01-22T00:00:00,True
C022,user22@example.com,N/A,ZZ,1000,2024-01-23T00:00:00,True
C023,user23@example.com,555-0023,NY,5000,2024-01-24T00:00:00,False
C024,user24@example.com,555-0024,CA,,2024-01-25T00:00:00,True
C025,user25@example.com,555-0025,,,2024-01-26T00:00:00,False
C026,user26@example.com,555-0026,CA,5000,2024-01-27T00:00:00,True
C027,user27@example.com,555-0027,TX,1000,2024-01-28T00:00:00,False
C028,,555-0028,TX,-50,2024-01-29T00:00:00,False
C029,user29@example.com,555-0029,CA,5000,2024-01-30T00:00:00,False
C001,user30@example.com,555-0030,,,2024-01-31T00:00:00,False
C031,user31@example.com,555-0031,NY,10000,2024-02-01T00:00:00,True
C032,user32@example.com,555-0032,NY,10000,2024-02-02T00:00:00,True
C033,user33@example.com,N/A,CA,1000,2024-02-03T00:00:00,False
C034,user34@example.com,555-0034,NY,10000,2024-02-04T00:00:00,False
C035,,555-0035,ZZ,5000,2024-02-05T00:00:00,False
C036,user36@example.com,555-0036,CA,,2024-02-06T00:00:00,True
C037,user37@example.com,555-0037,,10000,2024-02-07T00:00:00,True
C038,user38@example.com,555-0038,CA,1000,2024-02-08T00:00:00,False
C039,user39@example.com,555-0039,CA,1000,2024-02-09T00:00:00,True
C040,user40@example.com,555-0040,CA,5000,2024-02-10T00:00:00,False
C041,user41@example.com,555-0041,CA,-50,2024-02-11T00:00:00,False
C042,,555-0042,ZZ,10000,2024-02-12T00:00:00,True
C043,user43@example.com,555-0043,NY,1000,2024-02-13T00:00:00,True
C044,user44@example.com,N/A,TX,-50,2024-02-14T00:00:00,True
C001,user45@example.com,555-0045,NY,-50,2024-02-15T00:00:00,False
C046,user46@example.com,555-0046,CA,-50,2024-02-16T00:00:00,True
C047,user47@example.com,555-0047,TX,5000,2024-02-17T00:00:00,True
C048,user48@example.com,555-0048,,5000,2024-02-18T00:00:00,True
C049,,555-0049,NY,10000,2024-02-19T00:00:00,False
C050,user50@example.com,555-0050,TX,10000,2024-02-20T00:00:00,False
C051,user51@example.com,555-0051,CA,5000,2024-02-21T00:00:00,True
C052,user52@example.com,555-0052,CA,5000,2024-02-22T00:00:00,False
C053,user53@example.com,555-0053,ZZ,10000,2024-02-23T00:00:00,False
C054,user54@example.com,555-0054,TX,5000,2024-02-24T00:00:00,True
C055,user55@example.com,N/A,NY,-50,2024-02-25T00:00:00,True
C056,,555-0056,CA,-50,2024-02-26T00:00:00,True
C057,user57@example.com,555-0057,CA,,2024-02-27T00:00:00,False
C058,user58@example.com,555-0058,NY,1000,2024-02-28T00:00:00,True
C059,user59@example.com,555-0059,TX,1000,2024-02-29T00:00:00,True
C001,user60@example.com,555-0060,NY,10000,2024-03-01T00:00:00,True
C061,user61@example.com,555-0061,ZZ,5000,2024-03-02T00:00:00,True
C062,user62@example.com,555-0062,TX,10000,2024-03-03T00:00:00,True
C063,,555-0063,TX,5000,2024-03-04T00:00:00,False
C064,user64@example.com,555-0064,CA,5000,2024-03-05T00:00:00,True
C065,user65@example.com,555-0065,TX,-50,2024-03-06T00:00:00,True
C066,user66@example.com,N/A,NY,5000,2024-03-07T00:00:00,True
C067,user67@example.com,555-0067,,10000,2024-03-08T00:00:00,True
C068,user68@example.com,555-0068,,10000,2024-03-09T00:00:00,True
C069,user69@example.com,555-0069,CA,1000,2024-03-10T00:00:00,False
C070,,555-0070,,10000,2024-03-11T00:00:00,True
C071,user71@example.com,555-0071,TX,1000,2024-03-12T00:00:00,True
C072,user72@example.com,555-0072,,-50,2024-03-13T00:00:00,True
C073,user73@example.com,555-0073,CA,-50,2024-03-14T00:00:00,False
C074,user74@example.com,555-0074,,1000,2024-03-15T00:00:00,True
C001,user75@example.com,555-0075,CA,-50,2024-03-16T00:00:00,True
C076,user76@example.com,555-0076,NY,5000,2024-03-17T00:00:00,True
C077,,N/A,,1000,2024-03-18T00:00:00,True
C078,user78@example.com,555-0078,NY,1000,2024-03-19T00:00:00,True
C079,user79@example.com,555-0079,TX,-50,2024-03-20T00:00:00,True
C080,user80@example.com,555-0080,NY,10000,2024-03-21T00:00:00,False
C081,user81@example.com,555-0081,CA,1000,2024-03-22T00:00:00,False
C082,user82@example.com,555-0082,NY,-50,2024-03-23T00:00:00,False
C083,user83@example.com,555-0083,NY,,2024-03-24T00:00:00,False
C084,,555-0084,,1000,2024-03-25T00:00:00,True
C085,user85@example.com,555-0085,,,2024-03-26T00:00:00,True
C086,user86@example.com,555-0086,NY,,2024-03-27T00:00:00,True
C087,user87@example.com,555-0087,ZZ,10000,2024-03-28T00:00:00,True
C088,user88@example.com,N/A,CA,1000,2024-03-29T00:00:00,True
C089,user89@example.com,555-0089,TX,-50,2024-03-30T00:00:00,True
C001,user90@example.com,555-0090,NY,1000,2024-03-31T00:00:00,True
C091,,555-0091,TX,1000,2024-04-01T00:00:00,True
C092,user92@example.com,555-0092,TX,10000,2024-04-02T00:00:00,True
C093,user93@example.com,555-0093,CA,-50,2024-04-03T00:00:00,True
C094,user94@example.com,555-0094,TX,5000,2024-04-04T00:00:00,False
C095,user95@example.com,555-0095,CA,,2024-04-05T00:00:00,True
C096,user96@example.com,555-0096,,1000,2024-04-06T00:00:00,False
C097,user97@example.com,555-0097,NY,-50,2024-04-07T00:00:00,False
C098,,555-0098,ZZ,5000,2024-04-08T00:00:00,False
C099,user99@example.com,N/A,TX,5000,2024-04-09T00:00:00,True
C100,user100@example.com,555-0100,TX,1000,2024-04-10T00:00:00,True
C101,user101@example.com,555-0101,NY,5000,2024-04-11T00:00:00,True
C102,user102@example.com,555-0102,ZZ,-50,2024-04-12T00:00:00,False
C103,user103@example.com,555-0103,CA,-50,2024-04-13T00:00:00,True
C104,user104@example.com,555-0104,CA,10000,2024-04-14T00:00:00,True
C001,,555-0105,NY,5000,2024-04-15T00:00:00,True
C106,user106@example.com,555-0106,TX,,2024-04-16T00:00:00,True
C107,user107@example.com,555-0107,CA,-50,2024-04-17T00:00:00,True
C108,user108@example.com,555-0108,NY,1000,2024-04-18T00:00:00,True
C109,user109@example.com,555-0109,,5000,2024-04-19T00:00:00,True
C110,user110@example.com,N/A,,10000,2024-04-20T00:00:00,False
C111,user111@example.com,555-0111,,5000,2024-04-21T00:00:00,False
C112,,555-0112,NY,5000,2024-04-22T00:00:00,True
C113,user113@example.com,555-0113,NY,10000,2024-04-23T00:00:00,True
C114,user114@example.com,555-0114,TX,5000,2024-04-24T00:00:00,True
C115,user115@example.com,555-0115,CA,-50,2024-04-25T00:00:00,True
C116,user116@example.com,555-0116,TX,-50,2024-04-26T00:00:00,False
C117,user117@example.com,555-0117,CA,,2024-04-27T00:00:00,True
C118,user118@example.com,555-0118,NY,5000,2024-04-28T00:00:00,True
C119,,555-0119,NY,,2024-04-29T00:00:00,True
C001,user120@example.com,555-0120,ZZ,-50,2024-04-30T00:00:00,True
