order_id,order_line_id,order_number,customer_id,product_id,order_date,requested_ship_date,order_status,order_channel,quantity,unit_price,discount_pct,tax_amount,ship_from_location_id,ship_to_location_id,currency_code,sales_rep,created_at,updated_at,_loaded_at,_source_system
ORD00001,OL000001,SO-20240001,CUST0001,PROD0055,2024-01-08,2024-01-12,CLOSED,SALES_REP,21,53.3695,0,70.0475,LOC0003,LOC0054,USD,A. Patel,2024-01-08 00:00:00,2024-01-10 00:00:00,2025-09-20 06:00:00,NETSUITE
ORD00001,OL000002,SO-20240001,CUST0001,PROD0012,2024-01-08,2024-01-12,CLOSED,MARKETPLACE,28,60.3631,0,105.6354,LOC0002,LOC0070,USD,L. Chen,2024-01-08 00:00:00,2024-01-10 00:00:00,2025-09-20 06:00:00,NETSUITE
ORD00002,OL000003,SO-20240002,CUST0002,PROD0086,2024-01-11,2024-01-17,PARTIAL,MARKETPLACE,28,138.8355,0,242.9621,LOC0010,LOC0071,USD,A. Patel,2024-01-11 00:00:00,2024-01-13 00:00:00,2025-09-20 06:00:00,NETSUITE
ORD00002,OL000004,SO-20240002,CUST0002,PROD0074,2024-01-11,2024-01-16,PARTIAL,WEB,33,167.7923,0.05,328.768,LOC0012,LOC0072,USD,A. Patel,2024-01-11 00:00:00,2024-01-13 00:00:00,2025-09-20 06:00:00,NETSUITE
ORD00003,OL000005,SO-20240003,CUST0003,PROD0029,2024-01-14,2024-01-24,CLOSED,WEB,28,90.0234,0.1,141.7869,LOC0009,LOC0050,USD,J. Kim,2024-01-14 00:00:00,2024-01-16 00:00:00,2025-09-20 06:00:00,NETSUITE
ORD00003,OL000006,SO-20240003,CUST0003,PROD0035,2024-01-14,2024-01-21,CLOSED,WEB,45,13.3651,0,37.5893,LOC0006,LOC0058,USD,R. Brooks,2024-01-14 00:00:00,2024-01-16 00:00:00,2025-09-20 06:00:00,NETSUITE
ORD00003,OL000007,SO-20240003,CUST0003,PROD0085,2024-01-14,2024-01-17,CLOSED,MARKETPLACE,26,20.8729,0,33.9185,LOC0007,LOC0073,USD,S. Nguyen,2024-01-14 00:00:00,2024-01-16 00:00:00,2025-09-20 06:00:00,NETSUITE
ORD00004,OL000008,SO-20240004,CUST0004,PROD0048,2024-01-17,2024-01-20,SHIPPED,WEB,20,76.3606,0.1,85.9057,LOC0005,LOC0059,USD,R. Brooks,2024-01-17 00:00:00,2024-01-19 00:00:00,2025-09-20 06:00:00,NETSUITE
ORD00005,OL000009,SO-20240005,CUST0005,PROD0035,2024-01-20,2024-01-29,OPEN,SALES_REP,29,13.1562,0.05,22.6533,LOC0009,LOC0062,USD,R. Brooks,2024-01-20 00:00:00,2024-01-22 00:00:00,2025-09-20 06:00:00,NETSUITE
ORD00006,OL000010,SO-20240006,CUST0006,PROD0015,2024-01-23,2024-02-01,PARTIAL,MARKETPLACE,19,56.7865,0.1,60.6906,LOC0010,LOC0051,USD,J. Kim,2024-01-23 00:00:00,2024-01-25 00:00:00,2025-09-20 06:00:00,NETSUITE
ORD00006,OL000011,SO-20240006,CUST0006,PROD0051,2024-01-23,2024-01-29,PARTIAL,EDI,39,22.1394,0,53.9648,LOC0005,LOC0065,USD,M. Torres,2024-01-23 00:00:00,2024-01-25 00:00:00,2025-09-20 06:00:00,NETSUITE
ORD00007,OL000012,SO-20240007,CUST0007,PROD0064,2024-01-26,2024-02-03,SHIPPED,MARKETPLACE,48,108.9615,0,326.8845,LOC0008,LOC0071,USD,A. Patel,2024-01-26 00:00:00,2024-01-28 00:00:00,2025-09-20 06:00:00,NETSUITE
ORD00008,OL000013,SO-20240008,CUST0008,PROD0006,2024-01-29,2024-02-05,SHIPPED,MARKETPLACE,28,71.4664,0,125.0662,LOC0014,LOC0074,USD,L. Chen,2024-01-29 00:00:00,2024-01-31 00:00:00,2025-09-20 06:00:00,NETSUITE
ORD00008,OL000014,SO-20240008,CUST0008,PROD0082,2024-01-29,2024-01-31,SHIPPED,PHONE,27,98.3393,0.05,157.6502,LOC0006,LOC0078,USD,L. Chen,2024-01-29 00:00:00,2024-01-31 00:00:00,2025-09-20 06:00:00,NETSUITE
ORD00008,OL000015,SO-20240008,CUST0008,PROD0047,2024-01-29,2024-02-03,SHIPPED,SALES_REP,6,59.4047,0,22.2768,LOC0013,LOC0054,USD,S. Nguyen,2024-01-29 00:00:00,2024-01-31 00:00:00,2025-09-20 06:00:00,NETSUITE
ORD00009,OL000016,SO-20240009,CUST0009,PROD0044,2024-02-01,2024-02-04,CANCELLED,MARKETPLACE,15,118.1858,0,110.7992,LOC0004,LOC0061,USD,M. Torres,2024-02-01 00:00:00,2024-02-03 00:00:00,2025-09-20 06:00:00,NETSUITE
ORD00009,OL000017,SO-20240009,CUST0009,PROD0045,2024-02-01,2024-02-06,CANCELLED,WEB,47,55.4632,0,162.9231,LOC0005,LOC0065,USD,J. Kim,2024-02-01 00:00:00,2024-02-03 00:00:00,2025-09-20 06:00:00,NETSUITE
ORD00009,OL000018,SO-20240009,CUST0009,PROD0023,2024-02-01,2024-02-05,CANCELLED,SALES_REP,39,84.2075,0,205.2558,LOC0015,LOC0077,USD,L. Chen,2024-02-01 00:00:00,2024-02-03 00:00:00,2025-09-20 06:00:00,NETSUITE
ORD00010,OL000019,SO-20240010,CUST0010,PROD0083,2024-02-04,2024-02-11,CANCELLED,EDI,41,117.1325,0,300.152,LOC0015,LOC0053,USD,S. Nguyen,2024-02-04 00:00:00,2024-02-06 00:00:00,2025-09-20 06:00:00,NETSUITE
ORD00010,OL000020,SO-20240010,CUST0010,PROD0057,2024-02-04,2024-02-06,CANCELLED,PHONE,41,89.9596,0,230.5215,LOC0017,LOC0053,USD,M. Torres,2024-02-04 00:00:00,2024-02-06 00:00:00,2025-09-20 06:00:00,NETSUITE
ORD00010,OL000021,SO-20240010,CUST0010,PROD0060,2024-02-04,2024-02-10,CANCELLED,WEB,29,108.8162,0,197.2294,LOC0003,LOC0073,USD,S. Nguyen,2024-02-04 00:00:00,2024-02-06 00:00:00,2025-09-20 06:00:00,NETSUITE
ORD00011,OL000022,SO-20240011,CUST0011,PROD0006,2024-02-07,2024-02-12,CLOSED,PHONE,29,82.6577,0.1,134.8354,LOC0016,LOC0058,USD,A. Patel,2024-02-07 00:00:00,2024-02-09 00:00:00,2025-09-20 06:00:00,NETSUITE
ORD00011,OL000023,SO-20240011,CUST0011,PROD0058,2024-02-07,2024-02-10,CLOSED,MARKETPLACE,7,107.4408,0,47.0053,LOC0006,LOC0051,USD,J. Kim,2024-02-07 00:00:00,2024-02-09 00:00:00,2025-09-20 06:00:00,NETSUITE
ORD00011,OL000024,SO-20240011,CUST0011,PROD0091,2024-02-07,2024-02-17,CLOSED,MARKETPLACE,29,111.0156,0.1,181.0942,LOC0006,LOC0072,USD,M. Torres,2024-02-07 00:00:00,2024-02-09 00:00:00,2025-09-20 06:00:00,NETSUITE
ORD00012,OL000025,SO-20240012,CUST0012,PROD0053,2024-02-10,2024-02-17,CANCELLED,WEB,22,20.0304,0,27.5418,LOC0011,LOC0055,USD,R. Brooks,2024-02-10 00:00:00,2024-02-12 00:00:00,2025-09-20 06:00:00,NETSUITE
ORD00012,OL000026,SO-20240012,CUST0012,PROD0087,2024-02-10,2024-02-14,CANCELLED,PHONE,25,7.7786,0.1,10.9387,LOC0003,LOC0058,USD,M. Torres,2024-02-10 00:00:00,2024-02-12 00:00:00,2025-09-20 06:00:00,NETSUITE
ORD00013,OL000027,SO-20240013,CUST0013,PROD0090,2024-02-13,2024-02-16,SHIPPED,PHONE,43,9.9059,0.1,23.9599,LOC0018,LOC0073,USD,L. Chen,2024-02-13 00:00:00,2024-02-15 00:00:00,2025-09-20 06:00:00,NETSUITE
ORD00013,OL000028,SO-20240013,CUST0013,PROD0043,2024-02-13,2024-02-16,SHIPPED,SALES_REP,9,67.0097,0.1,33.9237,LOC0017,LOC0072,USD,A. Patel,2024-02-13 00:00:00,2024-02-15 00:00:00,2025-09-20 06:00:00,NETSUITE
ORD00013,OL000029,SO-20240013,CUST0013,PROD0047,2024-02-13,2024-02-20,SHIPPED,SALES_REP,20,56.9086,0,71.1358,LOC0007,LOC0063,USD,J. Kim,2024-02-13 00:00:00,2024-02-15 00:00:00,2025-09-20 06:00:00,NETSUITE
ORD00014,OL000030,SO-20240014,CUST0014,PROD0013,2024-02-16,2024-02-18,PARTIAL,PHONE,33,103.1029,0.1,191.3848,LOC0005,LOC0073,USD,J. Kim,2024-02-16 00:00:00,2024-02-18 00:00:00,2025-09-20 06:00:00,NETSUITE
ORD00014,OL000031,SO-20240014,CUST0014,PROD0021,2024-02-16,2024-02-20,PARTIAL,SALES_REP,12,22.7328,0.1,15.3446,LOC0002,LOC0075,USD,M. Torres,2024-02-16 00:00:00,2024-02-18 00:00:00,2025-09-20 06:00:00,NETSUITE
ORD00015,OL000032,SO-20240015,CUST0015,PROD0057,2024-02-19,2024-02-24,CLOSED,MARKETPLACE,40,89.6899,0.05,213.0135,LOC0008,LOC0068,USD,S. Nguyen,2024-02-19 00:00:00,2024-02-21 00:00:00,2025-09-20 06:00:00,NETSUITE
ORD00016,OL000033,SO-20240016,CUST0016,PROD0048,2024-02-22,2024-03-02,CANCELLED,PHONE,44,79.0564,0.05,206.5348,LOC0013,LOC0075,USD,J. Kim,2024-02-22 00:00:00,2024-02-24 00:00:00,2025-09-20 06:00:00,NETSUITE
ORD00017,OL000034,SO-20240017,CUST0017,PROD0018,2024-02-25,2024-03-03,CLOSED,MARKETPLACE,17,54.1493,0.05,54.6569,LOC0004,LOC0056,USD,M. Torres,2024-02-25 00:00:00,2024-02-27 00:00:00,2025-09-20 06:00:00,NETSUITE
ORD00017,OL000035,SO-20240017,CUST0017,PROD0011,2024-02-25,2024-02-29,CLOSED,SALES_REP,11,87.5365,0.1,54.1632,LOC0003,LOC0063,USD,S. Nguyen,2024-02-25 00:00:00,2024-02-27 00:00:00,2025-09-20 06:00:00,NETSUITE
ORD00017,OL000036,SO-20240017,CUST0017,PROD0045,2024-02-25,2024-03-06,CLOSED,PHONE,2,50.9145,0.05,6.0461,LOC0008,LOC0073,USD,A. Patel,2024-02-25 00:00:00,2024-02-27 00:00:00,2025-09-20 06:00:00,NETSUITE
ORD00018,OL000037,SO-20240018,CUST0018,PROD0041,2024-02-28,2024-03-03,SHIPPED,EDI,7,72.17,0,31.5744,LOC0002,LOC0067,USD,S. Nguyen,2024-02-28 00:00:00,2024-03-01 00:00:00,2025-09-20 06:00:00,NETSUITE
ORD00019,OL000038,SO-20240019,CUST0019,PROD0098,2024-03-02,2024-03-04,CLOSED,WEB,46,95.5921,0.1,247.3446,LOC0001,LOC0065,USD,J. Kim,2024-03-02 00:00:00,2024-03-04 00:00:00,2025-09-20 06:00:00,NETSUITE
ORD00020,OL000039,SO-20240020,CUST0020,PROD0094,2024-03-05,2024-03-11,CLOSED,EDI,39,109.7791,0,267.5866,LOC0010,LOC0056,USD,A. Patel,2024-03-05 00:00:00,2024-03-07 00:00:00,2025-09-20 06:00:00,NETSUITE
ORD00020,OL000040,SO-20240020,CUST0020,PROD0031,2024-03-05,2024-03-14,CLOSED,WEB,27,39.834,0.1,60.4979,LOC0004,LOC0080,USD,R. Brooks,2024-03-05 00:00:00,2024-03-07 00:00:00,2025-09-20 06:00:00,NETSUITE
ORD00020,OL000041,SO-20240020,CUST0020,PROD0069,2024-03-05,2024-03-10,CLOSED,EDI,2,77.364,0.1,8.7035,LOC0010,LOC0076,USD,A. Patel,2024-03-05 00:00:00,2024-03-07 00:00:00,2025-09-20 06:00:00,NETSUITE
ORD00021,OL000042,SO-20240021,CUST0021,PROD0074,2024-03-08,2024-03-18,CLOSED,PHONE,27,167.0667,0,281.9251,LOC0003,LOC0050,USD,S. Nguyen,2024-03-08 00:00:00,2024-03-10 00:00:00,2025-09-20 06:00:00,NETSUITE
ORD00022,OL000043,SO-20240022,CUST0022,PROD0082,2024-03-11,2024-03-13,CANCELLED,PHONE,25,109.7567,0,171.4948,LOC0003,LOC0071,USD,J. Kim,2024-03-11 00:00:00,2024-03-13 00:00:00,2025-09-20 06:00:00,NETSUITE
ORD00023,OL000044,SO-20240023,CUST0023,PROD0014,2024-03-14,2024-03-18,CLOSED,WEB,38,103.6978,0,246.2823,LOC0012,LOC0070,USD,L. Chen,2024-03-14 00:00:00,2024-03-16 00:00:00,2025-09-20 06:00:00,NETSUITE
ORD00023,OL000045,SO-20240023,CUST0023,PROD0023,2024-03-14,2024-03-18,CLOSED,EDI,44,88.7185,0.05,231.7771,LOC0003,LOC0078,USD,A. Patel,2024-03-14 00:00:00,2024-03-16 00:00:00,2025-09-20 06:00:00,NETSUITE
ORD00023,OL000046,SO-20240023,CUST0023,PROD0038,2024-03-14,2024-03-16,CLOSED,PHONE,13,97.1453,0,78.9306,LOC0010,LOC0074,USD,R. Brooks,2024-03-14 00:00:00,2024-03-16 00:00:00,2025-09-20 06:00:00,NETSUITE
ORD00024,OL000047,SO-20240024,CUST0024,PROD0097,2024-03-17,2024-03-19,SHIPPED,PHONE,42,86.6483,0,227.4518,LOC0009,LOC0056,USD,M. Torres,2024-03-17 00:00:00,2024-03-19 00:00:00,2025-09-20 06:00:00,NETSUITE
ORD00025,OL000048,SO-20240025,CUST0025,PROD0096,2024-03-20,2024-03-27,SHIPPED,EDI,29,53.6296,0.05,92.3435,LOC0016,LOC0080,USD,M. Torres,2024-03-20 00:00:00,2024-03-22 00:00:00,2025-09-20 06:00:00,NETSUITE
ORD00025,OL000049,SO-20240025,CUST0025,PROD0067,2024-03-20,2024-03-23,SHIPPED,SALES_REP,18,132.696,0.05,141.8188,LOC0006,LOC0067,USD,M. Torres,2024-03-20 00:00:00,2024-03-22 00:00:00,2025-09-20 06:00:00,NETSUITE
ORD00026,OL000050,SO-20240026,CUST0026,PROD0085,2024-03-23,2024-03-31,PARTIAL,EDI,19,21.735,0.1,23.2293,LOC0015,LOC0071,USD,S. Nguyen,2024-03-23 00:00:00,2024-03-25 00:00:00,2025-09-20 06:00:00,NETSUITE
ORD00026,OL000051,SO-20240026,CUST0026,PROD0006,2024-03-23,2024-03-31,PARTIAL,PHONE,47,82.1673,0,241.3664,LOC0002,LOC0053,USD,L. Chen,2024-03-23 00:00:00,2024-03-25 00:00:00,2025-09-20 06:00:00,NETSUITE
ORD00027,OL000052,SO-20240027,CUST0027,PROD0066,2024-03-26,2024-03-30,CLOSED,MARKETPLACE,48,170.2004,0,510.6012,LOC0015,LOC0051,USD,J. Kim,2024-03-26 00:00:00,2024-03-28 00:00:00,2025-09-20 06:00:00,NETSUITE
ORD00027,OL000053,SO-20240027,CUST0027,PROD0009,2024-03-26,2024-04-02,CLOSED,SALES_REP,16,52.9362,0,52.9362,LOC0002,LOC0058,USD,L. Chen,2024-03-26 00:00:00,2024-03-28 00:00:00,2025-09-20 06:00:00,NETSUITE
ORD00028,OL000054,SO-20240028,CUST0028,PROD0048,2024-03-29,2024-04-02,SHIPPED,MARKETPLACE,29,76.8565,0.1,125.3722,LOC0012,LOC0074,USD,M. Torres,2024-03-29 00:00:00,2024-03-31 00:00:00,2025-09-20 06:00:00,NETSUITE
ORD00028,OL000055,SO-20240028,CUST0028,PROD0084,2024-03-29,2024-03-31,SHIPPED,EDI,18,14.0124,0,15.7639,LOC0016,LOC0073,USD,R. Brooks,2024-03-29 00:00:00,2024-03-31 00:00:00,2025-09-20 06:00:00,NETSUITE
ORD00029,OL000056,SO-20240029,CUST0029,PROD0091,2024-04-01,2024-04-07,PARTIAL,SALES_REP,29,98.069,0.1,159.9751,LOC0007,LOC0056,USD,J. Kim,2024-04-01 00:00:00,2024-04-03 00:00:00,2025-09-20 06:00:00,NETSUITE
ORD00029,OL000057,SO-20240029,CUST0029,PROD0010,2024-04-01,2024-04-04,PARTIAL,PHONE,29,37.2971,0.05,64.2209,LOC0012,LOC0053,USD,R. Brooks,2024-04-01 00:00:00,2024-04-03 00:00:00,2025-09-20 06:00:00,NETSUITE
ORD00030,OL000058,SO-20240030,CUST0030,PROD0021,2024-04-04,2024-04-11,CLOSED,MARKETPLACE,46,22.3067,0,64.1318,LOC0008,LOC0056,USD,J. Kim,2024-04-04 00:00:00,2024-04-06 00:00:00,2025-09-20 06:00:00,NETSUITE
ORD00030,OL000059,SO-20240030,CUST0030,PROD0018,2024-04-04,2024-04-11,CLOSED,MARKETPLACE,16,61.1389,0,61.1389,LOC0012,LOC0078,USD,R. Brooks,2024-04-04 00:00:00,2024-04-06 00:00:00,2025-09-20 06:00:00,NETSUITE
ORD00031,OL000060,SO-20240031,CUST0031,PROD0009,2024-04-07,2024-04-17,PARTIAL,SALES_REP,20,49.8122,0.05,59.152,LOC0014,LOC0053,USD,J. Kim,2024-04-07 00:00:00,2024-04-09 00:00:00,2025-09-20 06:00:00,NETSUITE
ORD00032,OL000061,SO-20240032,CUST0032,PROD0010,2024-04-10,2024-04-17,DRAFT,EDI,29,39.1697,0.1,63.8956,LOC0018,LOC0060,USD,J. Kim,2024-04-10 00:00:00,2024-04-12 00:00:00,2025-09-20 06:00:00,NETSUITE
ORD00032,OL000062,SO-20240032,CUST0032,PROD0056,2024-04-10,2024-04-13,DRAFT,MARKETPLACE,33,167.3818,0,345.225,LOC0005,LOC0068,USD,J. Kim,2024-04-10 00:00:00,2024-04-12 00:00:00,2025-09-20 06:00:00,NETSUITE
ORD00032,OL000063,SO-20240032,CUST0032,PROD0021,2024-04-10,2024-04-17,DRAFT,MARKETPLACE,21,23.0945,0,30.3115,LOC0010,LOC0054,USD,M. Torres,2024-04-10 00:00:00,2024-04-12 00:00:00,2025-09-20 06:00:00,NETSUITE
ORD00033,OL000064,SO-20240033,CUST0033,PROD0036,2024-04-13,2024-04-23,PARTIAL,WEB,9,49.3404,0.1,24.9786,LOC0017,LOC0059,USD,R. Brooks,2024-04-13 00:00:00,2024-04-15 00:00:00,2025-09-20 06:00:00,NETSUITE
ORD00033,OL000065,SO-20240033,CUST0033,PROD0075,2024-04-13,2024-04-20,PARTIAL,MARKETPLACE,10,26.4518,0.1,14.8791,LOC0002,LOC0050,USD,A. Patel,2024-04-13 00:00:00,2024-04-15 00:00:00,2025-09-20 06:00:00,NETSUITE
ORD00033,OL000066,SO-20240033,CUST0033,PROD0006,2024-04-13,2024-04-18,PARTIAL,MARKETPLACE,42,80.9227,0,212.4221,LOC0014,LOC0050,USD,S. Nguyen,2024-04-13 00:00:00,2024-04-15 00:00:00,2025-09-20 06:00:00,NETSUITE
ORD00034,OL000067,SO-20240034,CUST0034,PROD0038,2024-04-16,2024-04-21,CANCELLED,SALES_REP,42,112.6743,0.05,280.9815,LOC0010,LOC0078,USD,A. Patel,2024-04-16 00:00:00,2024-04-18 00:00:00,2025-09-20 06:00:00,NETSUITE
ORD00034,OL000068,SO-20240034,CUST0034,PROD0089,2024-04-16,2024-04-25,CANCELLED,SALES_REP,4,155.1444,0.05,36.8468,LOC0007,LOC0070,USD,R. Brooks,2024-04-16 00:00:00,2024-04-18 00:00:00,2025-09-20 06:00:00,NETSUITE
ORD00034,OL000069,SO-20240034,CUST0034,PROD0019,2024-04-16,2024-04-23,CANCELLED,SALES_REP,21,93.898,0,123.2411,LOC0005,LOC0072,USD,R. Brooks,2024-04-16 00:00:00,2024-04-18 00:00:00,2025-09-20 06:00:00,NETSUITE
ORD00035,OL000070,SO-20240035,CUST0035,PROD0031,2024-04-19,2024-04-24,CLOSED,EDI,30,36.5716,0.05,65.1432,LOC0004,LOC0052,USD,M. Torres,2024-04-19 00:00:00,2024-04-21 00:00:00,2025-09-20 06:00:00,NETSUITE
ORD00035,OL000071,SO-20240035,CUST0035,PROD0050,2024-04-19,2024-04-26,CLOSED,MARKETPLACE,40,79.6546,0,199.1365,LOC0011,LOC0061,USD,J. Kim,2024-04-19 00:00:00,2024-04-21 00:00:00,2025-09-20 06:00:00,NETSUITE
ORD00036,OL000072,SO-20240036,CUST0036,PROD0060,2024-04-22,2024-04-24,SHIPPED,WEB,32,124.8682,0.05,237.2496,LOC0013,LOC0078,USD,J. Kim,2024-04-22 00:00:00,2024-04-24 00:00:00,2025-09-20 06:00:00,NETSUITE
ORD00036,OL000073,SO-20240036,CUST0036,PROD0028,2024-04-22,2024-04-28,SHIPPED,SALES_REP,38,34.7539,0,82.5405,LOC0016,LOC0067,USD,R. Brooks,2024-04-22 00:00:00,2024-04-24 00:00:00,2025-09-20 06:00:00,NETSUITE
ORD00036,OL000074,SO-20240036,CUST0036,PROD0002,2024-04-22,2024-04-29,SHIPPED,SALES_REP,7,99.7136,0,43.6247,LOC0012,LOC0051,USD,S. Nguyen,2024-04-22 00:00:00,2024-04-24 00:00:00,2025-09-20 06:00:00,NETSUITE
ORD00037,OL000075,SO-20240037,CUST0037,PROD0025,2024-04-25,2024-05-03,OPEN,MARKETPLACE,24,51.258,0,76.887,LOC0015,LOC0066,USD,R. Brooks,2024-04-25 00:00:00,2024-04-27 00:00:00,2025-09-20 06:00:00,NETSUITE
ORD00037,OL000076,SO-20240037,CUST0037,PROD0088,2024-04-25,2024-05-03,OPEN,PHONE,40,65.1071,0,162.7678,LOC0011,LOC0072,USD,J. Kim,2024-04-25 00:00:00,2024-04-27 00:00:00,2025-09-20 06:00:00,NETSUITE
ORD00037,OL000077,SO-20240037,CUST0037,PROD0026,2024-04-25,2024-04-27,OPEN,WEB,39,87.3794,0.1,191.6886,LOC0002,LOC0057,USD,L. Chen,2024-04-25 00:00:00,2024-04-27 00:00:00,2025-09-20 06:00:00,NETSUITE
ORD00038,OL000078,SO-20240038,CUST0038,PROD0067,2024-04-28,2024-05-02,SHIPPED,PHONE,30,119.3151,0.1,201.3442,LOC0011,LOC0059,USD,S. Nguyen,2024-04-28 00:00:00,2024-04-30 00:00:00,2025-09-20 06:00:00,NETSUITE
ORD00038,OL000079,SO-20240038,CUST0038,PROD0079,2024-04-28,2024-05-05,SHIPPED,MARKETPLACE,48,127.7346,0.1,344.8834,LOC0017,LOC0080,USD,L. Chen,2024-04-28 00:00:00,2024-04-30 00:00:00,2025-09-20 06:00:00,NETSUITE
ORD00039,OL000080,SO-20240039,CUST0039,PROD0003,2024-05-01,2024-05-09,CLOSED,MARKETPLACE,24,90.1403,0,135.2104,LOC0010,LOC0050,USD,R. Brooks,2024-05-01 00:00:00,2024-05-03 00:00:00,2025-09-20 06:00:00,NETSUITE
ORD00039,OL000081,SO-20240039,CUST0039,PROD0061,2024-05-01,2024-05-06,CLOSED,WEB,17,130.8074,0.1,125.0846,LOC0016,LOC0059,USD,R. Brooks,2024-05-01 00:00:00,2024-05-03 00:00:00,2025-09-20 06:00:00,NETSUITE
ORD00040,OL000082,SO-20240040,CUST0040,PROD0100,2024-05-04,2024-05-06,CLOSED,MARKETPLACE,25,112.4483,0,175.7005,LOC0004,LOC0061,USD,A. Patel,2024-05-04 00:00:00,2024-05-06 00:00:00,2025-09-20 06:00:00,NETSUITE
ORD00040,OL000083,SO-20240040,CUST0040,PROD0057,2024-05-04,2024-05-09,CLOSED,SALES_REP,21,91.7071,0.05,114.3473,LOC0017,LOC0079,USD,L. Chen,2024-05-04 00:00:00,2024-05-06 00:00:00,2025-09-20 06:00:00,NETSUITE
ORD00040,OL000084,SO-20240040,CUST0040,PROD0094,2024-05-04,2024-05-09,CLOSED,MARKETPLACE,4,112.9337,0.1,25.4101,LOC0011,LOC0079,USD,R. Brooks,2024-05-04 00:00:00,2024-05-06 00:00:00,2025-09-20 06:00:00,NETSUITE
ORD00041,OL000085,SO-20240041,CUST0041,PROD0059,2024-05-07,2024-05-13,SHIPPED,MARKETPLACE,35,64.0747,0,140.1634,LOC0016,LOC0061,USD,J. Kim,2024-05-07 00:00:00,2024-05-09 00:00:00,2025-09-20 06:00:00,NETSUITE
ORD00042,OL000086,SO-20240042,CUST0042,PROD0029,2024-05-10,2024-05-19,SHIPPED,PHONE,20,89.0007,0,111.2509,LOC0016,LOC0071,USD,R. Brooks,2024-05-10 00:00:00,2024-05-12 00:00:00,2025-09-20 06:00:00,NETSUITE
ORD00042,OL000087,SO-20240042,CUST0042,PROD0093,2024-05-10,2024-05-20,SHIPPED,SALES_REP,18,19.8525,0.1,20.1007,LOC0013,LOC0071,USD,J. Kim,2024-05-10 00:00:00,2024-05-12 00:00:00,2025-09-20 06:00:00,NETSUITE
ORD00043,OL000088,SO-20240043,CUST0043,PROD0092,2024-05-13,2024-05-19,SHIPPED,SALES_REP,6,93.6659,0.05,33.3685,LOC0007,LOC0061,USD,R. Brooks,2024-05-13 00:00:00,2024-05-15 00:00:00,2025-09-20 06:00:00,NETSUITE
ORD00043,OL000089,SO-20240043,CUST0043,PROD0035,2024-05-13,2024-05-16,SHIPPED,MARKETPLACE,36,13.2274,0,29.7616,LOC0008,LOC0064,USD,A. Patel,2024-05-13 00:00:00,2024-05-15 00:00:00,2025-09-20 06:00:00,NETSUITE
ORD00044,OL000090,SO-20240044,CUST0044,PROD0029,2024-05-16,2024-05-24,CLOSED,PHONE,41,81.5584,0,208.9934,LOC0016,LOC0055,USD,L. Chen,2024-05-16 00:00:00,2024-05-18 00:00:00,2025-09-20 06:00:00,NETSUITE
ORD00044,OL000091,SO-20240044,CUST0044,PROD0099,2024-05-16,2024-05-20,CLOSED,SALES_REP,9,65.6213,0.1,33.2208,LOC0016,LOC0079,USD,L. Chen,2024-05-16 00:00:00,2024-05-18 00:00:00,2025-09-20 06:00:00,NETSUITE
ORD00044,OL000092,SO-20240044,CUST0044,PROD0026,2024-05-16,2024-05-19,CLOSED,MARKETPLACE,19,84.7201,0,100.6051,LOC0008,LOC0051,USD,J. Kim,2024-05-16 00:00:00,2024-05-18 00:00:00,2025-09-20 06:00:00,NETSUITE
ORD00045,OL000093,SO-20240045,CUST0045,PROD0005,2024-05-19,2024-05-25,SHIPPED,WEB,26,106.6763,0,173.349,LOC0001,LOC0068,USD,R. Brooks,2024-05-19 00:00:00,2024-05-21 00:00:00,2025-09-20 06:00:00,NETSUITE
ORD00046,OL000094,SO-20240046,CUST0046,PROD0037,2024-05-22,2024-06-01,CLOSED,SALES_REP,30,9.8251,0.1,16.5799,LOC0005,LOC0078,USD,M. Torres,2024-05-22 00:00:00,2024-05-24 00:00:00,2025-09-20 06:00:00,NETSUITE
ORD00046,OL000095,SO-20240046,CUST0046,PROD0025,2024-05-22,2024-05-28,CLOSED,EDI,8,49.4241,0.05,23.4764,LOC0001,LOC0070,USD,M. Torres,2024-05-22 00:00:00,2024-05-24 00:00:00,2025-09-20 06:00:00,NETSUITE
ORD00047,OL000096,SO-20240047,CUST0047,PROD0023,2024-05-25,2024-06-02,CLOSED,MARKETPLACE,40,94.3838,0.05,224.1615,LOC0011,LOC0054,USD,S. Nguyen,2024-05-25 00:00:00,2024-05-27 00:00:00,2025-09-20 06:00:00,NETSUITE
ORD00048,OL000097,SO-20240048,CUST0048,PROD0018,2024-05-28,2024-05-30,CLOSED,PHONE,31,56.7193,0,109.8936,LOC0013,LOC0064,USD,S. Nguyen,2024-05-28 00:00:00,2024-05-30 00:00:00,2025-09-20 06:00:00,NETSUITE
ORD00049,OL000098,SO-20240049,CUST0049,PROD0039,2024-05-31,2024-06-06,CLOSED,PHONE,38,129.1814,0,306.8058,LOC0008,LOC0052,USD,L. Chen,2024-05-31 00:00:00,2024-06-02 00:00:00,2025-09-20 06:00:00,NETSUITE
ORD00049,OL000099,SO-20240049,CUST0049,PROD0016,2024-05-31,2024-06-10,CLOSED,PHONE,30,125.8426,0.05,224.1571,LOC0004,LOC0067,USD,M. Torres,2024-05-31 00:00:00,2024-06-02 00:00:00,2025-09-20 06:00:00,NETSUITE
ORD00050,OL000100,SO-20240050,CUST0050,PROD0018,2024-06-03,2024-06-10,CLOSED,SALES_REP,31,55.1057,0.1,96.0906,LOC0018,LOC0079,USD,R. Brooks,2024-06-03 00:00:00,2024-06-05 00:00:00,2025-09-20 06:00:00,NETSUITE
ORD00051,OL000101,SO-20240051,CUST0051,PROD0098,2024-06-06,2024-06-09,CLOSED,MARKETPLACE,16,98.883,0.1,88.9947,LOC0015,LOC0072,USD,A. Patel,2024-06-06 00:00:00,2024-06-08 00:00:00,2025-09-20 06:00:00,NETSUITE
ORD00052,OL000102,SO-20240052,CUST0052,PROD0008,2024-06-09,2024-06-19,CANCELLED,EDI,36,43.5511,0,97.99,LOC0006,LOC0069,USD,R. Brooks,2024-06-09 00:00:00,2024-06-11 00:00:00,2025-09-20 06:00:00,NETSUITE
ORD00053,OL000103,SO-20240053,CUST0053,PROD0027,2024-06-12,2024-06-22,SHIPPED,SALES_REP,46,64.8531,0,186.4527,LOC0002,LOC0078,USD,J. Kim,2024-06-12 00:00:00,2024-06-14 00:00:00,2025-09-20 06:00:00,NETSUITE
ORD00053,OL000104,SO-20240053,CUST0053,PROD0066,2024-06-12,2024-06-22,SHIPPED,SALES_REP,27,164.23,0,277.1381,LOC0010,LOC0050,USD,S. Nguyen,2024-06-12 00:00:00,2024-06-14 00:00:00,2025-09-20 06:00:00,NETSUITE
ORD00053,OL000105,SO-20240053,CUST0053,PROD0033,2024-06-12,2024-06-15,SHIPPED,WEB,1,33.9514,0.1,1.9098,LOC0014,LOC0071,USD,L. Chen,2024-06-12 00:00:00,2024-06-14 00:00:00,2025-09-20 06:00:00,NETSUITE
ORD00054,OL000106,SO-20240054,CUST0054,PROD0009,2024-06-15,2024-06-19,OPEN,EDI,31,46.8027,0.05,86.1462,LOC0014,LOC0072,USD,S. Nguyen,2024-06-15 00:00:00,2024-06-17 00:00:00,2025-09-20 06:00:00,NETSUITE
ORD00055,OL000107,SO-20240055,CUST0055,PROD0049,2024-06-18,2024-06-22,SHIPPED,PHONE,6,67.6002,0.1,22.8151,LOC0004,LOC0060,USD,R. Brooks,2024-06-18 00:00:00,2024-06-20 00:00:00,2025-09-20 06:00:00,NETSUITE
ORD00055,OL000108,SO-20240055,CUST0055,PROD0051,2024-06-18,2024-06-20,SHIPPED,WEB,34,22.4202,0,47.6429,LOC0010,LOC0078,USD,L. Chen,2024-06-18 00:00:00,2024-06-20 00:00:00,2025-09-20 06:00:00,NETSUITE
ORD00056,OL000109,SO-20240056,CUST0056,PROD0069,2024-06-21,2024-06-30,CLOSED,PHONE,25,79.715,0,124.5547,LOC0005,LOC0066,USD,J. Kim,2024-06-21 00:00:00,2024-06-23 00:00:00,2025-09-20 06:00:00,NETSUITE
ORD00056,OL000110,SO-20240056,CUST0056,PROD0093,2024-06-21,2024-06-23,CLOSED,EDI,8,19.0004,0.05,9.0252,LOC0007,LOC0053,USD,A. Patel,2024-06-21 00:00:00,2024-06-23 00:00:00,2025-09-20 06:00:00,NETSUITE
ORD00057,OL000111,SO-20240057,CUST0057,PROD0077,2024-06-24,2024-06-29,CLOSED,WEB,44,81.3808,0,223.7972,LOC0013,LOC0077,USD,J. Kim,2024-06-24 00:00:00,2024-06-26 00:00:00,2025-09-20 06:00:00,NETSUITE
ORD00057,OL000112,SO-20240057,CUST0057,PROD0070,2024-06-24,2024-06-28,CLOSED,MARKETPLACE,14,126.5091,0,110.6955,LOC0010,LOC0063,USD,L. Chen,2024-06-24 00:00:00,2024-06-26 00:00:00,2025-09-20 06:00:00,NETSUITE
ORD00058,OL000113,SO-20240058,CUST0058,PROD0077,2024-06-27,2024-07-03,CLOSED,EDI,44,82.8512,0,227.8408,LOC0017,LOC0063,USD,S. Nguyen,2024-06-27 00:00:00,2024-06-29 00:00:00,2025-09-20 06:00:00,NETSUITE
ORD00058,OL000114,SO-20240058,CUST0058,PROD0039,2024-06-27,2024-07-01,CLOSED,SALES_REP,18,115.7989,0.1,117.2464,LOC0018,LOC0080,USD,A. Patel,2024-06-27 00:00:00,2024-06-29 00:00:00,2025-09-20 06:00:00,NETSUITE
ORD00058,OL000115,SO-20240058,CUST0058,PROD0045,2024-06-27,2024-07-04,CLOSED,SALES_REP,42,53.0615,0.1,125.3578,LOC0014,LOC0058,USD,M. Torres,2024-06-27 00:00:00,2024-06-29 00:00:00,2025-09-20 06:00:00,NETSUITE
ORD00059,OL000116,SO-20240059,CUST0059,PROD0061,2024-06-30,2024-07-04,SHIPPED,SALES_REP,16,128.4859,0,128.4859,LOC0002,LOC0075,USD,S. Nguyen,2024-06-30 00:00:00,2024-07-02 00:00:00,2025-09-20 06:00:00,NETSUITE
ORD00059,OL000117,SO-20240059,CUST0059,PROD0072,2024-06-30,2024-07-06,SHIPPED,EDI,34,87.0693,0,185.0223,LOC0011,LOC0054,USD,S. Nguyen,2024-06-30 00:00:00,2024-07-02 00:00:00,2025-09-20 06:00:00,NETSUITE
ORD00059,OL000118,SO-20240059,CUST0059,PROD0048,2024-06-30,2024-07-02,SHIPPED,PHONE,6,74.1377,0,27.8016,LOC0013,LOC0051,USD,A. Patel,2024-06-30 00:00:00,2024-07-02 00:00:00,2025-09-20 06:00:00,NETSUITE
ORD00060,OL000119,SO-20240060,CUST0060,PROD0093,2024-07-03,2024-07-08,PARTIAL,PHONE,43,20.7562,0.05,52.9932,LOC0010,LOC0049,USD,J. Kim,2024-07-03 00:00:00,2024-07-05 00:00:00,2025-09-20 06:00:00,NETSUITE
ORD00060,OL000120,SO-20240060,CUST0060,PROD0025,2024-07-03,2024-07-08,PARTIAL,MARKETPLACE,48,47.6657,0.05,135.8472,LOC0007,LOC0074,USD,J. Kim,2024-07-03 00:00:00,2024-07-05 00:00:00,2025-09-20 06:00:00,NETSUITE
ORD00060,OL000121,SO-20240060,CUST0060,PROD0071,2024-07-03,2024-07-12,PARTIAL,MARKETPLACE,21,129.3608,0.05,161.2967,LOC0012,LOC0068,USD,M. Torres,2024-07-03 00:00:00,2024-07-05 00:00:00,2025-09-20 06:00:00,NETSUITE
ORD00061,OL000122,SO-20240061,CUST0061,PROD0060,2024-07-06,2024-07-13,SHIPPED,EDI,7,123.4135,0.05,51.2937,LOC0012,LOC0069,USD,S. Nguyen,2024-07-06 00:00:00,2024-07-08 00:00:00,2025-09-20 06:00:00,NETSUITE
ORD00061,OL000123,SO-20240061,CUST0061,PROD0006,2024-07-06,2024-07-08,SHIPPED,PHONE,37,82.0925,0,189.8389,LOC0018,LOC0075,USD,M. Torres,2024-07-06 00:00:00,2024-07-08 00:00:00,2025-09-20 06:00:00,NETSUITE
ORD00062,OL000124,SO-20240062,CUST0062,PROD0030,2024-07-09,2024-07-18,PARTIAL,MARKETPLACE,25,72.3071,0,112.9798,LOC0011,LOC0065,USD,S. Nguyen,2024-07-09 00:00:00,2024-07-11 00:00:00,2025-09-20 06:00:00,NETSUITE
ORD00062,OL000125,SO-20240062,CUST0062,PROD0093,2024-07-09,2024-07-13,PARTIAL,PHONE,42,21.3588,0.05,53.2635,LOC0006,LOC0057,USD,L. Chen,2024-07-09 00:00:00,2024-07-11 00:00:00,2025-09-20 06:00:00,NETSUITE
ORD00063,OL000126,SO-20240063,CUST0063,PROD0070,2024-07-12,2024-07-14,CLOSED,WEB,42,130.5057,0.1,308.3197,LOC0002,LOC0049,USD,S. Nguyen,2024-07-12 00:00:00,2024-07-14 00:00:00,2025-09-20 06:00:00,NETSUITE
ORD00064,OL000127,SO-20240064,CUST0064,PROD0030,2024-07-15,2024-07-20,PARTIAL,MARKETPLACE,5,73.8999,0,23.0937,LOC0015,LOC0072,USD,A. Patel,2024-07-15 00:00:00,2024-07-17 00:00:00,2025-09-20 06:00:00,NETSUITE
ORD00064,OL000128,SO-20240064,CUST0064,PROD0080,2024-07-15,2024-07-24,PARTIAL,SALES_REP,41,145.361,0.1,335.2388,LOC0001,LOC0049,USD,R. Brooks,2024-07-15 00:00:00,2024-07-17 00:00:00,2025-09-20 06:00:00,NETSUITE
ORD00064,OL000129,SO-20240064,CUST0064,PROD0071,2024-07-15,2024-07-21,PARTIAL,MARKETPLACE,27,114.0262,0.1,173.1773,LOC0010,LOC0050,USD,R. Brooks,2024-07-15 00:00:00,2024-07-17 00:00:00,2025-09-20 06:00:00,NETSUITE
ORD00065,OL000130,SO-20240065,CUST0065,PROD0056,2024-07-18,2024-07-28,CLOSED,EDI,12,146.9293,0,110.197,LOC0008,LOC0061,USD,R. Brooks,2024-07-18 00:00:00,2024-07-20 00:00:00,2025-09-20 06:00:00,NETSUITE
ORD00065,OL000131,SO-20240065,CUST0065,PROD0068,2024-07-18,2024-07-26,CLOSED,WEB,17,37.9569,0,40.3292,LOC0012,LOC0074,USD,S. Nguyen,2024-07-18 00:00:00,2024-07-20 00:00:00,2025-09-20 06:00:00,NETSUITE
ORD00065,OL000132,SO-20240065,CUST0065,PROD0073,2024-07-18,2024-07-24,CLOSED,WEB,16,9.4877,0,9.4877,LOC0002,LOC0054,USD,S. Nguyen,2024-07-18 00:00:00,2024-07-20 00:00:00,2025-09-20 06:00:00,NETSUITE
ORD00066,OL000133,SO-20240066,CUST0066,PROD0061,2024-07-21,2024-07-24,SHIPPED,SALES_REP,4,124.2939,0,31.0735,LOC0014,LOC0070,USD,R. Brooks,2024-07-21 00:00:00,2024-07-23 00:00:00,2025-09-20 06:00:00,NETSUITE
ORD00066,OL000134,SO-20240066,CUST0066,PROD0013,2024-07-21,2024-07-26,SHIPPED,MARKETPLACE,34,105.4777,0,224.1401,LOC0016,LOC0066,USD,A. Patel,2024-07-21 00:00:00,2024-07-23 00:00:00,2025-09-20 06:00:00,NETSUITE
ORD00066,OL000135,SO-20240066,CUST0066,PROD0010,2024-07-21,2024-07-23,SHIPPED,EDI,44,42.1062,0.1,104.2128,LOC0011,LOC0050,USD,J. Kim,2024-07-21 00:00:00,2024-07-23 00:00:00,2025-09-20 06:00:00,NETSUITE
ORD00067,OL000136,SO-20240067,CUST0067,PROD0051,2024-07-24,2024-07-29,CLOSED,MARKETPLACE,5,23.0855,0.1,6.4928,LOC0013,LOC0070,USD,S. Nguyen,2024-07-24 00:00:00,2024-07-26 00:00:00,2025-09-20 06:00:00,NETSUITE
ORD00067,OL000137,SO-20240067,CUST0067,PROD0097,2024-07-24,2024-08-03,CLOSED,PHONE,48,85.8916,0,257.6748,LOC0002,LOC0055,USD,S. Nguyen,2024-07-24 00:00:00,2024-07-26 00:00:00,2025-09-20 06:00:00,NETSUITE
ORD00067,OL000138,SO-20240067,CUST0067,PROD0030,2024-07-24,2024-08-01,CLOSED,PHONE,5,69.6498,0.1,19.589,LOC0001,LOC0066,USD,S. Nguyen,2024-07-24 00:00:00,2024-07-26 00:00:00,2025-09-20 06:00:00,NETSUITE
ORD00068,OL000139,SO-20240068,CUST0068,PROD0071,2024-07-27,2024-08-04,SHIPPED,WEB,25,122.4599,0.1,172.2092,LOC0010,LOC0064,USD,L. Chen,2024-07-27 00:00:00,2024-07-29 00:00:00,2025-09-20 06:00:00,NETSUITE
ORD00068,OL000140,SO-20240068,CUST0068,PROD0010,2024-07-27,2024-07-31,SHIPPED,SALES_REP,6,37.9059,0.05,13.504,LOC0011,LOC0072,USD,A. Patel,2024-07-27 00:00:00,2024-07-29 00:00:00,2025-09-20 06:00:00,NETSUITE
ORD00069,OL000141,SO-20240069,CUST0069,PROD0057,2024-07-30,2024-08-03,OPEN,WEB,24,96.8695,0,145.3042,LOC0006,LOC0076,USD,S. Nguyen,2024-07-30 00:00:00,2024-08-01 00:00:00,2025-09-20 06:00:00,NETSUITE
ORD00069,OL000142,SO-20240069,CUST0069,PROD0072,2024-07-30,2024-08-01,OPEN,WEB,36,92.7483,0,208.6837,LOC0012,LOC0054,USD,R. Brooks,2024-07-30 00:00:00,2024-08-01 00:00:00,2025-09-20 06:00:00,NETSUITE
ORD00070,OL000143,SO-20240070,CUST0070,PROD0050,2024-08-02,2024-08-05,CLOSED,MARKETPLACE,1,78.0014,0.05,4.6313,LOC0008,LOC0059,USD,L. Chen,2024-08-02 00:00:00,2024-08-04 00:00:00,2025-09-20 06:00:00,NETSUITE
ORD00070,OL000144,SO-20240070,CUST0070,PROD0049,2024-08-02,2024-08-08,CLOSED,SALES_REP,11,61.8096,0,42.4941,LOC0005,LOC0053,USD,J. Kim,2024-08-02 00:00:00,2024-08-04 00:00:00,2025-09-20 06:00:00,NETSUITE
ORD00071,OL000145,SO-20240071,CUST0071,PROD0039,2024-08-05,2024-08-11,SHIPPED,EDI,31,130.3901,0,252.6308,LOC0016,LOC0061,USD,S. Nguyen,2024-08-05 00:00:00,2024-08-07 00:00:00,2025-09-20 06:00:00,NETSUITE
ORD00071,OL000146,SO-20240071,CUST0071,PROD0014,2024-08-05,2024-08-12,SHIPPED,MARKETPLACE,9,96.7241,0.05,51.6869,LOC0013,LOC0070,USD,S. Nguyen,2024-08-05 00:00:00,2024-08-07 00:00:00,2025-09-20 06:00:00,NETSUITE
ORD00072,OL000147,SO-20240072,CUST0072,PROD0077,2024-08-08,2024-08-13,SHIPPED,SALES_REP,9,76.2341,0.1,38.5935,LOC0011,LOC0060,USD,S. Nguyen,2024-08-08 00:00:00,2024-08-10 00:00:00,2025-09-20 06:00:00,NETSUITE
ORD00072,OL000148,SO-20240072,CUST0072,PROD0041,2024-08-08,2024-08-13,SHIPPED,PHONE,19,71.0129,0.05,80.1114,LOC0013,LOC0066,USD,S. Nguyen,2024-08-08 00:00:00,2024-08-10 00:00:00,2025-09-20 06:00:00,NETSUITE
ORD00072,OL000149,SO-20240072,CUST0072,PROD0047,2024-08-08,2024-08-18,SHIPPED,EDI,8,64.226,0,32.113,LOC0018,LOC0050,USD,L. Chen,2024-08-08 00:00:00,2024-08-10 00:00:00,2025-09-20 06:00:00,NETSUITE
ORD00073,OL000150,SO-20240073,CUST0073,PROD0027,2024-08-11,2024-08-19,SHIPPED,SALES_REP,29,67.0793,0,121.5812,LOC0005,LOC0068,USD,J. Kim,2024-08-11 00:00:00,2024-08-13 00:00:00,2025-09-20 06:00:00,NETSUITE
ORD00073,OL000151,SO-20240073,CUST0073,PROD0033,2024-08-11,2024-08-19,SHIPPED,WEB,43,30.8188,0.05,78.6842,LOC0015,LOC0079,USD,R. Brooks,2024-08-11 00:00:00,2024-08-13 00:00:00,2025-09-20 06:00:00,NETSUITE
ORD00073,OL000152,SO-20240073,CUST0073,PROD0052,2024-08-11,2024-08-21,SHIPPED,WEB,35,27.7318,0.05,57.6301,LOC0012,LOC0054,USD,A. Patel,2024-08-11 00:00:00,2024-08-13 00:00:00,2025-09-20 06:00:00,NETSUITE
ORD00074,OL000153,SO-20240074,CUST0074,PROD0086,2024-08-14,2024-08-16,CLOSED,MARKETPLACE,23,123.9263,0.1,160.3297,LOC0013,LOC0070,USD,S. Nguyen,2024-08-14 00:00:00,2024-08-16 00:00:00,2025-09-20 06:00:00,NETSUITE
ORD00074,OL000154,SO-20240074,CUST0074,PROD0014,2024-08-14,2024-08-24,CLOSED,MARKETPLACE,1,93.3864,0,5.8366,LOC0018,LOC0063,USD,S. Nguyen,2024-08-14 00:00:00,2024-08-16 00:00:00,2025-09-20 06:00:00,NETSUITE
ORD00074,OL000155,SO-20240074,CUST0074,PROD0048,2024-08-14,2024-08-24,CLOSED,EDI,26,73.2703,0.1,107.1578,LOC0012,LOC0050,USD,S. Nguyen,2024-08-14 00:00:00,2024-08-16 00:00:00,2025-09-20 06:00:00,NETSUITE
ORD00075,OL000156,SO-20240075,CUST0075,PROD0011,2024-08-17,2024-08-24,PARTIAL,PHONE,8,95.7681,0,47.8841,LOC0011,LOC0078,USD,J. Kim,2024-08-17 00:00:00,2024-08-19 00:00:00,2025-09-20 06:00:00,NETSUITE
ORD00075,OL000157,SO-20240075,CUST0075,PROD0067,2024-08-17,2024-08-26,PARTIAL,SALES_REP,31,123.4052,0,239.0976,LOC0011,LOC0053,USD,M. Torres,2024-08-17 00:00:00,2024-08-19 00:00:00,2025-09-20 06:00:00,NETSUITE
ORD00076,OL000158,SO-20240076,CUST0001,PROD0015,2024-08-20,2024-08-24,OPEN,EDI,2,58.3166,0,7.2896,LOC0017,LOC0060,USD,R. Brooks,2024-08-20 00:00:00,2024-08-22 00:00:00,2025-09-20 06:00:00,NETSUITE
ORD00076,OL000159,SO-20240076,CUST0001,PROD0021,2024-08-20,2024-08-25,OPEN,SALES_REP,22,21.783,0.05,28.454,LOC0006,LOC0060,USD,L. Chen,2024-08-20 00:00:00,2024-08-22 00:00:00,2025-09-20 06:00:00,NETSUITE
ORD00076,OL000160,SO-20240076,CUST0001,PROD0085,2024-08-20,2024-08-25,OPEN,SALES_REP,28,22.0592,0.1,34.7432,LOC0014,LOC0073,USD,A. Patel,2024-08-20 00:00:00,2024-08-22 00:00:00,2025-09-20 06:00:00,NETSUITE
ORD00077,OL000161,SO-20240077,CUST0002,PROD0036,2024-08-23,2024-08-26,CLOSED,MARKETPLACE,46,50.781,0,145.9954,LOC0006,LOC0072,USD,M. Torres,2024-08-23 00:00:00,2024-08-25 00:00:00,2025-09-20 06:00:00,NETSUITE
ORD00078,OL000162,SO-20240078,CUST0003,PROD0034,2024-08-26,2024-09-02,PARTIAL,MARKETPLACE,43,71.3953,0.1,172.6874,LOC0013,LOC0074,USD,R. Brooks,2024-08-26 00:00:00,2024-08-28 00:00:00,2025-09-20 06:00:00,NETSUITE
ORD00079,OL000163,SO-20240079,CUST0004,PROD0059,2024-08-29,2024-09-01,PARTIAL,EDI,40,62.2641,0,155.6602,LOC0011,LOC0056,USD,J. Kim,2024-08-29 00:00:00,2024-08-31 00:00:00,2025-09-20 06:00:00,NETSUITE
ORD00079,OL000164,SO-20240079,CUST0004,PROD0040,2024-08-29,2024-09-08,PARTIAL,SALES_REP,8,73.7921,0,36.8961,LOC0014,LOC0057,USD,R. Brooks,2024-08-29 00:00:00,2024-08-31 00:00:00,2025-09-20 06:00:00,NETSUITE
ORD00080,OL000165,SO-20240080,CUST0005,PROD0063,2024-09-01,2024-09-11,SHIPPED,EDI,41,30.1576,0,77.2788,LOC0016,LOC0067,USD,J. Kim,2024-09-01 00:00:00,2024-09-03 00:00:00,2025-09-20 06:00:00,NETSUITE
ORD00081,OL000166,SO-20240081,CUST0006,PROD0080,2024-09-04,2024-09-13,PARTIAL,EDI,4,149.9229,0,37.4807,LOC0007,LOC0073,USD,R. Brooks,2024-09-04 00:00:00,2024-09-06 00:00:00,2025-09-20 06:00:00,NETSUITE
ORD00081,OL000167,SO-20240081,CUST0006,PROD0065,2024-09-04,2024-09-12,PARTIAL,SALES_REP,42,126.74,0.05,316.0579,LOC0016,LOC0059,USD,A. Patel,2024-09-04 00:00:00,2024-09-06 00:00:00,2025-09-20 06:00:00,NETSUITE
ORD00082,OL000168,SO-20240082,CUST0007,PROD0038,2024-09-07,2024-09-13,CLOSED,EDI,3,101.0758,0.1,17.0565,LOC0015,LOC0080,USD,R. Brooks,2024-09-07 00:00:00,2024-09-09 00:00:00,2025-09-20 06:00:00,NETSUITE
ORD00083,OL000169,SO-20240083,CUST0008,PROD0015,2024-09-10,2024-09-20,CLOSED,WEB,18,57.6537,0,64.8604,LOC0015,LOC0062,USD,S. Nguyen,2024-09-10 00:00:00,2024-09-12 00:00:00,2025-09-20 06:00:00,NETSUITE
ORD00083,OL000170,SO-20240083,CUST0008,PROD0014,2024-09-10,2024-09-16,CLOSED,WEB,48,105.2348,0,315.7044,LOC0015,LOC0065,USD,M. Torres,2024-09-10 00:00:00,2024-09-12 00:00:00,2025-09-20 06:00:00,NETSUITE
ORD00083,OL000171,SO-20240083,CUST0008,PROD0012,2024-09-10,2024-09-15,CLOSED,EDI,29,68.4146,0,124.0015,LOC0012,LOC0076,USD,J. Kim,2024-09-10 00:00:00,2024-09-12 00:00:00,2025-09-20 06:00:00,NETSUITE
ORD00084,OL000172,SO-20240084,CUST0009,PROD0027,2024-09-13,2024-09-19,CLOSED,MARKETPLACE,4,64.7174,0.1,14.5614,LOC0018,LOC0059,USD,M. Torres,2024-09-13 00:00:00,2024-09-15 00:00:00,2025-09-20 06:00:00,NETSUITE
ORD00085,OL000173,SO-20240085,CUST0010,PROD0038,2024-09-16,2024-09-19,DRAFT,EDI,37,100.948,0.1,210.098,LOC0014,LOC0052,USD,M. Torres,2024-09-16 00:00:00,2024-09-18 00:00:00,2025-09-20 06:00:00,NETSUITE
ORD00085,OL000174,SO-20240085,CUST0010,PROD0084,2024-09-16,2024-09-21,DRAFT,EDI,9,15.0824,0,8.4839,LOC0011,LOC0064,USD,L. Chen,2024-09-16 00:00:00,2024-09-18 00:00:00,2025-09-20 06:00:00,NETSUITE
ORD00086,OL000175,SO-20240086,CUST0011,PROD0074,2024-09-19,2024-09-27,SHIPPED,SALES_REP,41,169.3898,0.05,412.3583,LOC0003,LOC0054,USD,S. Nguyen,2024-09-19 00:00:00,2024-09-21 00:00:00,2025-09-20 06:00:00,NETSUITE
ORD00087,OL000176,SO-20240087,CUST0012,PROD0089,2024-09-22,2024-09-29,CLOSED,MARKETPLACE,24,163.0449,0.05,232.339,LOC0001,LOC0054,USD,L. Chen,2024-09-22 00:00:00,2024-09-24 00:00:00,2025-09-20 06:00:00,NETSUITE
ORD00087,OL000177,SO-20240087,CUST0012,PROD0059,2024-09-22,2024-09-25,CLOSED,MARKETPLACE,41,67.5062,0,172.9846,LOC0013,LOC0062,USD,S. Nguyen,2024-09-22 00:00:00,2024-09-24 00:00:00,2025-09-20 06:00:00,NETSUITE
ORD00088,OL000178,SO-20240088,CUST0013,PROD0035,2024-09-25,2024-10-05,CLOSED,MARKETPLACE,21,13.5022,0,17.7216,LOC0005,LOC0080,USD,M. Torres,2024-09-25 00:00:00,2024-09-27 00:00:00,2025-09-20 06:00:00,NETSUITE
ORD00088,OL000179,SO-20240088,CUST0013,PROD0088,2024-09-25,2024-09-27,CLOSED,WEB,4,64.2871,0.05,15.2682,LOC0006,LOC0077,USD,S. Nguyen,2024-09-25 00:00:00,2024-09-27 00:00:00,2025-09-20 06:00:00,NETSUITE
ORD00089,OL000180,SO-20240089,CUST0014,PROD0026,2024-09-28,2024-10-02,OPEN,PHONE,45,93.0429,0,261.6832,LOC0003,LOC0072,USD,M. Torres,2024-09-28 00:00:00,2024-09-30 00:00:00,2025-09-20 06:00:00,NETSUITE
ORD00089,OL000181,SO-20240089,CUST0014,PROD0011,2024-09-28,2024-09-30,OPEN,SALES_REP,24,93.3097,0,139.9646,LOC0010,LOC0063,USD,S. Nguyen,2024-09-28 00:00:00,2024-09-30 00:00:00,2025-09-20 06:00:00,NETSUITE
ORD00090,OL000182,SO-20240090,CUST0015,PROD0013,2024-10-01,2024-10-05,CLOSED,MARKETPLACE,1,94.1748,0,5.8859,LOC0008,LOC0077,USD,A. Patel,2024-10-01 00:00:00,2024-10-03 00:00:00,2025-09-20 06:00:00,NETSUITE
ORD00090,OL000183,SO-20240090,CUST0015,PROD0002,2024-10-01,2024-10-09,CLOSED,EDI,45,98.2851,0,276.4268,LOC0016,LOC0053,USD,J. Kim,2024-10-01 00:00:00,2024-10-03 00:00:00,2025-09-20 06:00:00,NETSUITE
ORD00090,OL000184,SO-20240090,CUST0015,PROD0050,2024-10-01,2024-10-04,CLOSED,PHONE,6,83.7472,0,31.4052,LOC0012,LOC0068,USD,J. Kim,2024-10-01 00:00:00,2024-10-03 00:00:00,2025-09-20 06:00:00,NETSUITE
ORD00091,OL000185,SO-20240091,CUST0016,PROD0083,2024-10-04,2024-10-06,SHIPPED,MARKETPLACE,44,102.2792,0.1,253.141,LOC0006,LOC0077,USD,M. Torres,2024-10-04 00:00:00,2024-10-06 00:00:00,2025-09-20 06:00:00,NETSUITE
ORD00092,OL000186,SO-20240092,CUST0017,PROD0096,2024-10-07,2024-10-16,CLOSED,EDI,10,53.836,0.1,30.2828,LOC0003,LOC0055,USD,J. Kim,2024-10-07 00:00:00,2024-10-09 00:00:00,2025-09-20 06:00:00,NETSUITE
ORD00092,OL000187,SO-20240092,CUST0017,PROD0097,2024-10-07,2024-10-14,CLOSED,SALES_REP,8,92.5425,0.05,43.9577,LOC0011,LOC0057,USD,J. Kim,2024-10-07 00:00:00,2024-10-09 00:00:00,2025-09-20 06:00:00,NETSUITE
ORD00092,OL000188,SO-20240092,CUST0017,PROD0036,2024-10-07,2024-10-13,CLOSED,WEB,42,45.0995,0.1,106.5476,LOC0010,LOC0062,USD,R. Brooks,2024-10-07 00:00:00,2024-10-09 00:00:00,2025-09-20 06:00:00,NETSUITE
ORD00093,OL000189,SO-20240093,CUST0018,PROD0096,2024-10-10,2024-10-15,CLOSED,SALES_REP,26,48.7328,0,79.1908,LOC0013,LOC0056,USD,J. Kim,2024-10-10 00:00:00,2024-10-12 00:00:00,2025-09-20 06:00:00,NETSUITE
ORD00094,OL000190,SO-20240094,CUST0019,PROD0010,2024-10-13,2024-10-20,SHIPPED,PHONE,34,41.8708,0,88.9755,LOC0005,LOC0073,USD,R. Brooks,2024-10-13 00:00:00,2024-10-15 00:00:00,2025-09-20 06:00:00,NETSUITE
ORD00094,OL000191,SO-20240094,CUST0019,PROD0054,2024-10-13,2024-10-22,SHIPPED,WEB,24,91.4627,0,137.1941,LOC0001,LOC0053,USD,A. Patel,2024-10-13 00:00:00,2024-10-15 00:00:00,2025-09-20 06:00:00,NETSUITE
ORD00094,OL000192,SO-20240094,CUST0019,PROD0034,2024-10-13,2024-10-21,SHIPPED,MARKETPLACE,14,62.3982,0,54.5984,LOC0010,LOC0075,USD,S. Nguyen,2024-10-13 00:00:00,2024-10-15 00:00:00,2025-09-20 06:00:00,NETSUITE
ORD00095,OL000193,SO-20240095,CUST0020,PROD0082,2024-10-16,2024-10-22,CLOSED,WEB,35,102.4362,0,224.0792,LOC0010,LOC0054,USD,R. Brooks,2024-10-16 00:00:00,2024-10-18 00:00:00,2025-09-20 06:00:00,NETSUITE
ORD00096,OL000194,SO-20240096,CUST0021,PROD0069,2024-10-19,2024-10-25,CANCELLED,SALES_REP,21,74.4011,0,97.6514,LOC0008,LOC0052,USD,J. Kim,2024-10-19 00:00:00,2024-10-21 00:00:00,2025-09-20 06:00:00,NETSUITE
ORD00097,OL000195,SO-20240097,CUST0022,PROD0015,2024-10-22,2024-10-28,OPEN,EDI,30,56.1965,0,105.3684,LOC0004,LOC0049,USD,L. Chen,2024-10-22 00:00:00,2024-10-24 00:00:00,2025-09-20 06:00:00,NETSUITE
ORD00097,OL000196,SO-20240097,CUST0022,PROD0018,2024-10-22,2024-10-29,OPEN,MARKETPLACE,45,53.7627,0.05,143.6472,LOC0017,LOC0065,USD,J. Kim,2024-10-22 00:00:00,2024-10-24 00:00:00,2025-09-20 06:00:00,NETSUITE
ORD00098,OL000197,SO-20240098,CUST0023,PROD0100,2024-10-25,2024-10-27,SHIPPED,PHONE,18,123.765,0,139.2356,LOC0014,LOC0066,USD,R. Brooks,2024-10-25 00:00:00,2024-10-27 00:00:00,2025-09-20 06:00:00,NETSUITE
ORD00098,OL000198,SO-20240098,CUST0023,PROD0009,2024-10-25,2024-10-28,SHIPPED,SALES_REP,17,52.3925,0.1,50.1003,LOC0015,LOC0072,USD,A. Patel,2024-10-25 00:00:00,2024-10-27 00:00:00,2025-09-20 06:00:00,NETSUITE
ORD00098,OL000199,SO-20240098,CUST0023,PROD0064,2024-10-25,2024-10-31,SHIPPED,WEB,37,104.2477,0,241.0728,LOC0004,LOC0063,USD,L. Chen,2024-10-25 00:00:00,2024-10-27 00:00:00,2025-09-20 06:00:00,NETSUITE
ORD00099,OL000200,SO-20240099,CUST0024,PROD0002,2024-10-28,2024-11-05,CLOSED,EDI,16,93.4186,0,93.4186,LOC0006,LOC0051,USD,R. Brooks,2024-10-28 00:00:00,2024-10-30 00:00:00,2025-09-20 06:00:00,NETSUITE
ORD00100,OL000201,SO-20240100,CUST0025,PROD0095,2024-10-31,2024-11-05,CLOSED,SALES_REP,42,19.201,0,50.4026,LOC0011,LOC0066,USD,A. Patel,2024-10-31 00:00:00,2024-11-02 00:00:00,2025-09-20 06:00:00,NETSUITE
ORD00100,OL000202,SO-20240100,CUST0025,PROD0074,2024-10-31,2024-11-04,CLOSED,EDI,24,165.1285,0,247.6927,LOC0017,LOC0051,USD,S. Nguyen,2024-10-31 00:00:00,2024-11-02 00:00:00,2025-09-20 06:00:00,NETSUITE
ORD00100,OL000203,SO-20240100,CUST0025,PROD0009,2024-10-31,2024-11-07,CLOSED,WEB,30,53.655,0,100.6031,LOC0018,LOC0078,USD,A. Patel,2024-10-31 00:00:00,2024-11-02 00:00:00,2025-09-20 06:00:00,NETSUITE
ORD00101,OL000204,SO-20240101,CUST0026,PROD0073,2024-11-03,2024-11-12,SHIPPED,PHONE,20,9.1304,0,11.413,LOC0016,LOC0061,USD,L. Chen,2024-11-03 00:00:00,2024-11-05 00:00:00,2025-09-20 06:00:00,NETSUITE
ORD00101,OL000205,SO-20240101,CUST0026,PROD0070,2024-11-03,2024-11-05,SHIPPED,EDI,16,114.6125,0.05,108.8819,LOC0018,LOC0071,USD,L. Chen,2024-11-03 00:00:00,2024-11-05 00:00:00,2025-09-20 06:00:00,NETSUITE
ORD00102,OL000206,SO-20240102,CUST0027,PROD0043,2024-11-06,2024-11-12,CLOSED,WEB,1,67.9488,0.05,4.0345,LOC0007,LOC0064,USD,S. Nguyen,2024-11-06 00:00:00,2024-11-08 00:00:00,2025-09-20 06:00:00,NETSUITE
ORD00103,OL000207,SO-20240103,CUST0028,PROD0019,2024-11-09,2024-11-14,SHIPPED,MARKETPLACE,46,85.5316,0,245.9033,LOC0014,LOC0072,USD,S. Nguyen,2024-11-09 00:00:00,2024-11-11 00:00:00,2025-09-20 06:00:00,NETSUITE
ORD00104,OL000208,SO-20240104,CUST0029,PROD0075,2024-11-12,2024-11-15,DRAFT,MARKETPLACE,7,27.9662,0.05,11.6235,LOC0002,LOC0076,USD,L. Chen,2024-11-12 00:00:00,2024-11-14 00:00:00,2025-09-20 06:00:00,NETSUITE
ORD00105,OL000209,SO-20240105,CUST0030,PROD0038,2024-11-15,2024-11-22,DRAFT,PHONE,17,110.8756,0.05,111.9151,LOC0015,LOC0066,USD,J. Kim,2024-11-15 00:00:00,2024-11-17 00:00:00,2025-09-20 06:00:00,NETSUITE
ORD00106,OL000210,SO-20240106,CUST0031,PROD0018,2024-11-18,2024-11-22,OPEN,SALES_REP,38,54.687,0,129.8816,LOC0015,LOC0069,USD,S. Nguyen,2024-11-18 00:00:00,2024-11-20 00:00:00,2025-09-20 06:00:00,NETSUITE
ORD00107,OL000211,SO-20240107,CUST0032,PROD0099,2024-11-21,2024-11-27,PARTIAL,WEB,14,70.7899,0.05,58.8441,LOC0003,LOC0059,USD,L. Chen,2024-11-21 00:00:00,2024-11-23 00:00:00,2025-09-20 06:00:00,NETSUITE
ORD00107,OL000212,SO-20240107,CUST0032,PROD0039,2024-11-21,2024-11-26,PARTIAL,PHONE,46,128.6557,0,369.8851,LOC0005,LOC0054,USD,L. Chen,2024-11-21 00:00:00,2024-11-23 00:00:00,2025-09-20 06:00:00,NETSUITE
ORD00108,OL000213,SO-20240108,CUST0033,PROD0051,2024-11-24,2024-11-30,PARTIAL,EDI,33,22.1169,0,45.6161,LOC0001,LOC0074,USD,S. Nguyen,2024-11-24 00:00:00,2024-11-26 00:00:00,2025-09-20 06:00:00,NETSUITE
ORD00108,OL000214,SO-20240108,CUST0033,PROD0072,2024-11-24,2024-12-03,PARTIAL,WEB,48,93.3139,0,279.9417,LOC0005,LOC0056,USD,A. Patel,2024-11-24 00:00:00,2024-11-26 00:00:00,2025-09-20 06:00:00,NETSUITE
ORD00109,OL000215,SO-20240109,CUST0034,PROD0017,2024-11-27,2024-11-30,OPEN,MARKETPLACE,13,23.49,0,19.0856,LOC0009,LOC0053,USD,A. Patel,2024-11-27 00:00:00,2024-11-29 00:00:00,2025-09-20 06:00:00,NETSUITE
ORD00110,OL000216,SO-20240110,CUST0035,PROD0083,2024-11-30,2024-12-07,DRAFT,WEB,29,114.0122,0,206.6471,LOC0002,LOC0078,USD,A. Patel,2024-11-30 00:00:00,2024-12-02 00:00:00,2025-09-20 06:00:00,NETSUITE
ORD00111,OL000217,SO-20240111,CUST0036,PROD0056,2024-12-03,2024-12-11,PARTIAL,SALES_REP,47,154.2579,0,453.1326,LOC0006,LOC0071,USD,J. Kim,2024-12-03 00:00:00,2024-12-05 00:00:00,2025-09-20 06:00:00,NETSUITE
ORD00111,OL000218,SO-20240111,CUST0036,PROD0024,2024-12-03,2024-12-05,PARTIAL,MARKETPLACE,18,81.1685,0,91.3146,LOC0008,LOC0067,USD,S. Nguyen,2024-12-03 00:00:00,2024-12-05 00:00:00,2025-09-20 06:00:00,NETSUITE
ORD00111,OL000219,SO-20240111,CUST0036,PROD0053,2024-12-03,2024-12-09,PARTIAL,SALES_REP,36,19.3995,0,43.6489,LOC0005,LOC0075,USD,J. Kim,2024-12-03 00:00:00,2024-12-05 00:00:00,2025-09-20 06:00:00,NETSUITE
ORD00112,OL000220,SO-20240112,CUST0037,PROD0032,2024-12-06,2024-12-08,CLOSED,SALES_REP,41,26.6182,0.1,61.3882,LOC0012,LOC0079,USD,R. Brooks,2024-12-06 00:00:00,2024-12-08 00:00:00,2025-09-20 06:00:00,NETSUITE
ORD00112,OL000221,SO-20240112,CUST0037,PROD0063,2024-12-06,2024-12-13,CLOSED,SALES_REP,23,31.9819,0.1,41.3766,LOC0009,LOC0060,USD,A. Patel,2024-12-06 00:00:00,2024-12-08 00:00:00,2025-09-20 06:00:00,NETSUITE
ORD00112,OL000222,SO-20240112,CUST0037,PROD0041,2024-12-06,2024-12-08,CLOSED,SALES_REP,39,65.2905,0,159.1456,LOC0017,LOC0071,USD,R. Brooks,2024-12-06 00:00:00,2024-12-08 00:00:00,2025-09-20 06:00:00,NETSUITE
ORD00113,OL000223,SO-20240113,CUST0038,PROD0013,2024-12-09,2024-12-19,DRAFT,WEB,16,101.2769,0,101.2769,LOC0008,LOC0073,USD,M. Torres,2024-12-09 00:00:00,2024-12-11 00:00:00,2025-09-20 06:00:00,NETSUITE
ORD00114,OL000224,SO-20240114,CUST0039,PROD0023,2024-12-12,2024-12-14,CANCELLED,PHONE,16,90.5691,0,90.5691,LOC0005,LOC0061,USD,S. Nguyen,2024-12-12 00:00:00,2024-12-14 00:00:00,2025-09-20 06:00:00,NETSUITE
ORD00115,OL000225,SO-20240115,CUST0040,PROD0063,2024-12-15,2024-12-20,CLOSED,WEB,3,27.9842,0,5.247,LOC0017,LOC0079,USD,A. Patel,2024-12-15 00:00:00,2024-12-17 00:00:00,2025-09-20 06:00:00,NETSUITE
ORD00116,OL000226,SO-20240116,CUST0041,PROD0026,2024-12-18,2024-12-25,SHIPPED,WEB,9,84.9973,0,47.811,LOC0001,LOC0058,USD,R. Brooks,2024-12-18 00:00:00,2024-12-20 00:00:00,2025-09-20 06:00:00,NETSUITE
ORD00116,OL000227,SO-20240116,CUST0041,PROD0091,2024-12-18,2024-12-25,SHIPPED,WEB,10,107.4035,0.1,60.4145,LOC0012,LOC0074,USD,R. Brooks,2024-12-18 00:00:00,2024-12-20 00:00:00,2025-09-20 06:00:00,NETSUITE
ORD00116,OL000228,SO-20240116,CUST0041,PROD0013,2024-12-18,2024-12-22,SHIPPED,SALES_REP,22,95.5897,0,131.4358,LOC0016,LOC0069,USD,J. Kim,2024-12-18 00:00:00,2024-12-20 00:00:00,2025-09-20 06:00:00,NETSUITE
ORD00117,OL000229,SO-20240117,CUST0042,PROD0089,2024-12-21,2024-12-25,CLOSED,SALES_REP,40,171.8957,0,429.7393,LOC0010,LOC0067,USD,J. Kim,2024-12-21 00:00:00,2024-12-23 00:00:00,2025-09-20 06:00:00,NETSUITE
ORD00117,OL000230,SO-20240117,CUST0042,PROD0023,2024-12-21,2024-12-29,CLOSED,MARKETPLACE,47,82.0215,0.1,216.8443,LOC0002,LOC0060,USD,R. Brooks,2024-12-21 00:00:00,2024-12-23 00:00:00,2025-09-20 06:00:00,NETSUITE
ORD00117,OL000231,SO-20240117,CUST0042,PROD0041,2024-12-21,2024-12-24,CLOSED,SALES_REP,40,65.3113,0.1,146.9504,LOC0005,LOC0070,USD,L. Chen,2024-12-21 00:00:00,2024-12-23 00:00:00,2025-09-20 06:00:00,NETSUITE
ORD00118,OL000232,SO-20240118,CUST0043,PROD0041,2024-12-24,2024-12-31,OPEN,SALES_REP,11,69.9182,0,48.0688,LOC0001,LOC0065,USD,J. Kim,2024-12-24 00:00:00,2024-12-26 00:00:00,2025-09-20 06:00:00,NETSUITE
ORD00118,OL000233,SO-20240118,CUST0043,PROD0032,2024-12-24,2024-12-27,OPEN,WEB,45,22.9165,0,64.4527,LOC0002,LOC0073,USD,S. Nguyen,2024-12-24 00:00:00,2024-12-26 00:00:00,2025-09-20 06:00:00,NETSUITE
ORD00119,OL000234,SO-20240119,CUST0044,PROD0053,2024-12-27,2025-01-06,CLOSED,SALES_REP,32,20.6708,0,41.3416,LOC0004,LOC0079,USD,R. Brooks,2024-12-27 00:00:00,2024-12-29 00:00:00,2025-09-20 06:00:00,NETSUITE
ORD00120,OL000235,SO-20240120,CUST0045,PROD0029,2024-12-30,2025-01-05,CLOSED,WEB,11,84.5784,0,58.1476,LOC0011,LOC0065,USD,A. Patel,2024-12-30 00:00:00,2025-01-01 00:00:00,2025-09-20 06:00:00,NETSUITE
ORD00120,OL000236,SO-20240120,CUST0045,PROD0010,2024-12-30,2025-01-03,CLOSED,WEB,22,37.2808,0.05,48.698,LOC0018,LOC0054,USD,M. Torres,2024-12-30 00:00:00,2025-01-01 00:00:00,2025-09-20 06:00:00,NETSUITE
ORD00120,OL000237,SO-20240120,CUST0045,PROD0077,2024-12-30,2025-01-07,CLOSED,EDI,40,83.8074,0,209.5185,LOC0014,LOC0059,USD,A. Patel,2024-12-30 00:00:00,2025-01-01 00:00:00,2025-09-20 06:00:00,NETSUITE
