order_id,customer_id,order_date,ship_date,amount,status
O00001,C002,2024-01-02,2024-01-06,5500.5,CLOSED
O00002,C003,2024-01-03,2024-01-05,-20.0,OPEN
O00003,C004,2024-01-04,2024-01-06,5500.5,CLOSED
O00004,C005,2024-01-05,2024-01-06,-20.0,CANCELLED
O00005,C006,2024-01-06,2024-01-06,-20.0,CLOSED
O00006,C007,2024-01-07,2024-01-10,-20.0,OPEN
O00007,C008,2024-01-08,2024-01-12,5500.5,BOGUS
O00008,C009,2024-01-09,2024-01-11,-20.0,CLOSED
O00009,C010,2024-01-10,2024-01-15,0.0,BOGUS
O00010,C011,2024-01-11,2024-01-11,100.0,BOGUS
O00011,C012,2024-01-12,2024-01-12,100.0,CANCELLED
O00012,C013,2024-01-13,2024-01-13,0.0,CLOSED
O00013,C014,2024-01-14,2024-01-12,-20.0,BOGUS
O00014,C015,2024-01-15,2024-01-15,5500.5,CANCELLED
O00015,C016,2024-01-16,2024-01-21,100.0,BOGUS
O00016,C017,2024-01-17,2024-01-18,5500.5,CANCELLED
O00017,C018,2024-01-18,2024-01-22,-20.0,BOGUS
O00018,C019,2024-01-19,2024-01-19,0.0,BOGUS
O00019,C020,2024-01-20,2024-01-21,0.0,CLOSED
O00020,C021,2024-01-21,2024-01-24,0.0,CANCELLED
O00021,C022,2024-01-22,2024-01-27,100.0,OPEN
O00022,C023,2024-01-23,2024-01-27,5500.5,CLOSED
O00023,C024,2024-01-24,2024-01-29,0.0,OPEN
O00024,C025,2024-01-25,2024-01-28,5500.5,CANCELLED
O00025,C026,2024-01-26,2024-01-31,-20.0,BOGUS
O00026,C027,2024-01-27,2024-01-25,0.0,CLOSED
O00027,C028,2024-01-28,2024-01-31,100.0,CLOSED
O00028,C029,2024-01-29,2024-02-02,5500.5,BOGUS
O00029,C030,2024-01-30,2024-01-31,-20.0,CANCELLED
O00030,C031,2024-01-31,2024-02-05,0.0,BOGUS
O00031,C032,2024-02-01,2024-02-06,5500.5,CANCELLED
O00032,C033,2024-02-02,2024-02-03,-20.0,CLOSED
O00033,C034,2024-02-03,2024-02-05,100.0,OPEN
O00034,C035,2024-02-04,2024-02-08,-20.0,BOGUS
O00035,C036,2024-02-05,2024-02-09,5500.5,OPEN
O00036,C037,2024-02-06,2024-02-09,5500.5,CANCELLED
O00037,C038,2024-02-07,2024-02-11,0.0,CANCELLED
O00038,C039,2024-02-08,2024-02-13,5500.5,CANCELLED
O00039,C040,2024-02-09,2024-02-07,-20.0,BOGUS
O00040,C001,2024-02-10,2024-02-15,100.0,CLOSED
O00041,C002,2024-02-11,2024-02-14,0.0,OPEN
O00042,C003,2024-02-12,2024-02-17,0.0,CLOSED
O00043,C004,2024-02-13,2024-02-18,-20.0,CLOSED
O00044,C005,2024-02-14,2024-02-16,0.0,CANCELLED
O00045,C006,2024-02-15,2024-02-16,100.0,BOGUS
O00046,C007,2024-02-16,2024-02-21,100.0,CLOSED
O00047,C008,2024-02-17,2024-02-17,5500.5,CANCELLED
O00048,C009,2024-02-18,2024-02-18,100.0,OPEN
O00049,C010,2024-02-19,2024-02-20,100.0,CLOSED
O00050,C011,2024-02-20,2024-02-20,-20.0,CLOSED
O00051,C012,2024-02-21,2024-02-22,0.0,CLOSED
O00052,C013,2024-02-22,2024-02-20,100.0,OPEN
O00053,C014,2024-02-23,2024-02-23,100.0,OPEN
O00054,C015,2024-02-24,2024-02-25,-20.0,BOGUS
O00055,C016,2024-02-25,2024-02-27,100.0,CANCELLED
O00056,C017,2024-02-26,2024-02-28,0.0,BOGUS
O00057,C018,2024-02-27,2024-03-03,5500.5,CANCELLED
O00058,C019,2024-02-28,2024-03-01,100.0,OPEN
O00059,C020,2024-02-29,2024-03-02,-20.0,CANCELLED
O00060,C021,2024-03-01,2024-03-01,100.0,OPEN
O00061,C022,2024-03-02,2024-03-07,0.0,CLOSED
O00062,C023,2024-03-03,2024-03-08,0.0,CANCELLED
O00063,C024,2024-03-04,2024-03-08,5500.5,CLOSED
O00064,C025,2024-03-05,2024-03-06,100.0,CLOSED
O00065,C026,2024-03-06,2024-03-04,5500.5,BOGUS
O00066,C027,2024-03-07,2024-03-09,100.0,CLOSED
O00067,C028,2024-03-08,2024-03-10,100.0,BOGUS
O00068,C029,2024-03-09,2024-03-09,100.0,CLOSED
O00069,C030,2024-03-10,2024-03-11,5500.5,BOGUS
O00070,C031,2024-03-11,2024-03-12,100.0,BOGUS
O00071,C032,2024-03-12,2024-03-16,5500.5,CLOSED
O00072,C033,2024-03-13,2024-03-13,-20.0,CLOSED
O00073,C034,2024-03-14,2024-03-14,5500.5,CLOSED
O00074,C035,2024-03-15,2024-03-17,5500.5,CANCELLED
O00075,C036,2024-03-16,2024-03-21,100.0,OPEN
O00076,C037,2024-03-17,2024-03-18,100.0,CLOSED
O00077,C038,2024-03-18,2024-03-22,0.0,CLOSED
O00078,C039,2024-03-19,2024-03-17,5500.5,CLOSED
O00079,C040,2024-03-20,2024-03-21,-20.0,CANCELLED
O00080,C001,2024-03-21,2024-03-26,0.0,CLOSED
O00081,C002,2024-03-22,2024-03-23,100.0,CLOSED
O00082,C003,2024-03-23,2024-03-26,0.0,CANCELLED
O00083,C004,2024-03-24,2024-03-27,0.0,CANCELLED
O00084,C005,2024-03-25,2024-03-25,0.0,OPEN
O00085,C006,2024-03-26,2024-03-28,100.0,CANCELLED
O00086,C007,2024-03-27,2024-03-31,-20.0,CLOSED
O00087,C008,2024-03-28,2024-03-29,-20.0,BOGUS
O00088,C009,2024-03-29,2024-03-29,-20.0,CANCELLED
O00089,C010,2024-03-30,2024-03-30,0.0,BOGUS
O00090,C011,2024-03-31,2024-04-04,0.0,OPEN
O00091,C012,2024-04-01,2024-03-30,100.0,OPEN
O00092,C013,2024-04-02,2024-04-06,5500.5,BOGUS
O00093,C014,2024-04-03,2024-04-06,100.0,CANCELLED
O00094,C015,2024-04-04,2024-04-09,-20.0,BOGUS
O00095,C016,2024-04-05,2024-04-07,5500.5,BOGUS
O00096,C017,2024-04-06,2024-04-11,0.0,BOGUS
O00097,C018,2024-04-07,2024-04-12,0.0,OPEN
O00098,C019,2024-04-08,2024-04-08,5500.5,OPEN
O00099,C020,2024-04-09,2024-04-14,0.0,CLOSED
O00100,C021,2024-04-10,2024-04-10,-20.0,OPEN
O00101,C022,2024-04-11,2024-04-14,100.0,CANCELLED
O00102,C023,2024-04-12,2024-04-17,100.0,CANCELLED
O00103,C024,2024-04-13,2024-04-16,100.0,CLOSED
O00104,C025,2024-04-14,2024-04-12,5500.5,OPEN
O00105,C026,2024-04-15,2024-04-20,100.0,OPEN
O00106,C027,2024-04-16,2024-04-18,-20.0,OPEN
O00107,C028,2024-04-17,2024-04-22,100.0,CANCELLED
O00108,C029,2024-04-18,2024-04-19,5500.5,CLOSED
O00109,C030,2024-04-19,2024-04-20,-20.0,BOGUS
O00110,C031,2024-04-20,2024-04-23,0.0,CANCELLED
O00111,C032,2024-04-21,2024-04-21,-20.0,BOGUS
O00112,C033,2024-04-22,2024-04-26,100.0,OPEN
O00113,C034,2024-04-23,2024-04-25,5500.5,BOGUS
O00114,C035,2024-04-24,2024-04-25,-20.0,CANCELLED
O00115,C036,2024-04-25,2024-04-28,5500.5,CLOSED
O00116,C037,2024-04-26,2024-05-01,-20.0,CLOSED
O00117,C038,2024-04-27,2024-04-25,5500.5,OPEN
O00118,C039,2024-04-28,2024-05-02,0.0,CLOSED
O00119,C040,2024-04-29,2024-04-29,0.0,BOGUS
O00120,C001,2024-04-30,2024-05-05,-20.0,CANCELLED
O00121,C002,2024-05-01,2024-05-03,-20.0,CANCELLED
O00122,C003,2024-05-02,2024-05-07,-20.0,BOGUS
O00123,C004,2024-05-03,2024-05-03,100.0,CLOSED
O00124,C005,2024-05-04,2024-05-08,0.0,OPEN
O00125,C006,2024-05-05,2024-05-07,100.0,OPEN
O00126,C007,2024-05-06,2024-05-08,-20.0,CANCELLED
O00127,C008,2024-05-07,2024-05-09,0.0,CANCELLED
O00128,C009,2024-05-08,2024-05-10,0.0,BOGUS
O00129,C010,2024-05-09,2024-05-12,0.0,OPEN
O00130,C011,2024-05-10,2024-05-08,-20.0,OPEN
O00131,C012,2024-05-11,2024-05-16,5500.5,CLOSED
O00132,C013,2024-05-12,2024-05-17,100.0,CLOSED
O00133,C014,2024-05-13,2024-05-14,0.0,CANCELLED
O00134,C015,2024-05-14,2024-05-18,0.0,BOGUS
O00135,C016,2024-05-15,2024-05-18,0.0,CLOSED
O00136,C017,2024-05-16,2024-05-17,0.0,OPEN
O00137,C018,2024-05-17,2024-05-19,-20.0,CANCELLED
O00138,C019,2024-05-18,2024-05-19,100.0,BOGUS
O00139,C020,2024-05-19,2024-05-21,5500.5,BOGUS
O00140,C021,2024-05-20,2024-05-25,-20.0,CANCELLED
O00141,C022,2024-05-21,2024-05-23,-20.0,OPEN
O00142,C023,2024-05-22,2024-05-22,100.0,CANCELLED
O00143,C024,2024-05-23,2024-05-21,100.0,OPEN
O00144,C025,2024-05-24,2024-05-25,0.0,OPEN
O00145,C026,2024-05-25,2024-05-29,100.0,BOGUS
O00146,C027,2024-05-26,2024-05-31,100.0,CLOSED
O00147,C028,2024-05-27,2024-05-30,5500.5,CANCELLED
O00148,C029,2024-05-28,2024-05-31,5500.5,CANCELLED
O00149,C030,2024-05-29,2024-06-03,5500.5,CANCELLED
O00150,C031,2024-05-30,2024-06-01,0.0,CANCELLED
O00151,C032,2024-05-31,2024-06-04,100.0,OPEN
O00152,C033,2024-06-01,2024-06-04,5500.5,BOGUS
O00153,C034,2024-06-02,2024-06-02,-20.0,CLOSED
O00154,C035,2024-06-03,2024-06-04,0.0,CANCELLED
O00155,C036,2024-06-04,2024-06-09,100.0,OPEN
O00156,C037,2024-06-05,2024-06-03,5500.5,BOGUS
O00157,C038,2024-06-06,2024-06-06,-20.0,BOGUS
O00158,C039,2024-06-07,2024-06-07,-20.0,CANCELLED
O00159,C040,2024-06-08,2024-06-12,0.0,OPEN
O00160,C001,2024-06-09,2024-06-10,100.0,CLOSED
O00161,C002,2024-06-10,2024-06-12,5500.5,CLOSED
O00162,C003,2024-06-11,2024-06-14,100.0,BOGUS
O00163,C004,2024-06-12,2024-06-13,0.0,CANCELLED
O00164,C005,2024-06-13,2024-06-15,-20.0,BOGUS
O00165,C006,2024-06-14,2024-06-18,100.0,CLOSED
O00166,C007,2024-06-15,2024-06-19,5500.5,CLOSED
O00167,C008,2024-06-16,2024-06-17,100.0,OPEN
O00168,C009,2024-06-17,2024-06-21,0.0,OPEN
O00169,C010,2024-06-18,2024-06-16,100.0,CLOSED
O00170,C011,2024-06-19,2024-06-23,100.0,CLOSED
O00171,C012,2024-06-20,2024-06-24,5500.5,CLOSED
O00172,C013,2024-06-21,2024-06-25,-20.0,CLOSED
O00173,C014,2024-06-22,2024-06-23,5500.5,OPEN
O00174,C015,2024-06-23,2024-06-26,-20.0,CANCELLED
O00175,C016,2024-06-24,2024-06-28,0.0,CLOSED
O00176,C017,2024-06-25,2024-06-28,-20.0,BOGUS
O00177,C018,2024-06-26,2024-06-26,100.0,OPEN
O00178,C019,2024-06-27,2024-06-29,-20.0,CLOSED
O00179,C020,2024-06-28,2024-07-02,0.0,CLOSED
O00180,C021,2024-06-29,2024-07-03,-20.0,CLOSED
O00181,C022,2024-06-30,2024-07-04,-20.0,CLOSED
O00182,C023,2024-07-01,2024-06-29,100.0,BOGUS
O00183,C024,2024-07-02,2024-07-07,-20.0,CANCELLED
O00184,C025,2024-07-03,2024-07-06,100.0,BOGUS
O00185,C026,2024-07-04,2024-07-04,5500.5,OPEN
O00186,C027,2024-07-05,2024-07-05,5500.5,CLOSED
O00187,C028,2024-07-06,2024-07-08,5500.5,CLOSED
O00188,C029,2024-07-07,2024-07-12,-20.0,CANCELLED
O00189,C030,2024-07-08,2024-07-11,-20.0,CLOSED
O00190,C031,2024-07-09,2024-07-10,-20.0,BOGUS
O00191,C032,2024-07-10,2024-07-12,5500.5,CANCELLED
O00192,C033,2024-07-11,2024-07-13,-20.0,CLOSED
O00193,C034,2024-07-12,2024-07-15,100.0,CLOSED
O00194,C035,2024-07-13,2024-07-14,0.0,OPEN
O00195,C036,2024-07-14,2024-07-12,0.0,CLOSED
O00196,C037,2024-07-15,2024-07-18,5500.5,BOGUS
O00197,C038,2024-07-16,2024-07-20,5500.5,BOGUS
O00198,C039,2024-07-17,2024-07-19,5500.5,CLOSED
O00199,C040,2024-07-18,2024-07-21,-20.0,CLOSED
O00200,C001,2024-07-19,2024-07-20,100.0,CANCELLED
