event_id,account_id,event_name,event_at,user_id,properties_json
evt_001,acc_001,signup_completed,2024-01-15 10:05:00,usr_a1,"{""source"":""sales""}"
evt_002,acc_001,workspace_created,2024-01-15 10:20:00,usr_a1,{}
evt_003,acc_001,integration_connected,2024-01-16 09:00:00,usr_a1,"{""integration"":""salesforce""}"
evt_004,acc_001,report_generated,2024-01-17 14:00:00,usr_a2,{}
evt_005,acc_001,dashboard_viewed,2024-01-18 11:00:00,usr_a1,{}
evt_006,acc_002,signup_completed,2024-02-01 14:35:00,usr_b1,"{""source"":""self_serve""}"
evt_007,acc_002,workspace_created,2024-02-01 14:50:00,usr_b1,{}
evt_008,acc_002,invite_sent,2024-02-02 10:00:00,usr_b1,{}
evt_009,acc_002,report_generated,2024-02-03 16:00:00,usr_b1,{}
evt_010,acc_003,signup_completed,2024-02-20 09:20:00,usr_c1,"{""source"":""self_serve""}"
evt_011,acc_003,workspace_created,2024-02-20 09:40:00,usr_c1,{}
evt_012,acc_003,dashboard_viewed,2024-02-21 08:00:00,usr_c1,{}
evt_013,acc_004,signup_completed,2024-03-05 11:05:00,usr_d1,"{""source"":""sales""}"
evt_014,acc_004,workspace_created,2024-03-05 11:30:00,usr_d1,{}
evt_015,acc_004,integration_connected,2024-03-06 09:00:00,usr_d1,"{""integration"":""hubspot""}"
evt_016,acc_004,report_generated,2024-03-07 15:00:00,usr_d2,{}
evt_017,acc_004,api_key_created,2024-03-08 10:00:00,usr_d1,{}
evt_018,acc_005,signup_completed,2024-03-18 08:50:00,usr_e1,"{""source"":""self_serve""}"
evt_019,acc_005,workspace_created,2024-03-18 09:10:00,usr_e1,{}
evt_020,acc_006,signup_completed,2024-04-02 16:25:00,usr_f1,"{""source"":""partner""}"
evt_021,acc_006,workspace_created,2024-04-02 16:40:00,usr_f1,{}
evt_022,acc_006,invite_sent,2024-04-03 11:00:00,usr_f1,{}
evt_023,acc_006,report_generated,2024-04-04 14:00:00,usr_f2,{}
evt_024,acc_007,signup_completed,2024-04-22 12:05:00,usr_g1,"{""source"":""self_serve""}"
evt_025,acc_007,workspace_created,2024-04-22 12:20:00,usr_g1,{}
evt_026,acc_008,signup_completed,2024-05-10 09:35:00,usr_h1,"{""source"":""sales""}"
evt_027,acc_008,workspace_created,2024-05-10 10:00:00,usr_h1,{}
evt_028,acc_008,integration_connected,2024-05-11 08:00:00,usr_h1,"{""integration"":""okta""}"
evt_029,acc_008,report_generated,2024-05-12 13:00:00,usr_h2,{}
evt_030,acc_008,dashboard_viewed,2024-05-13 09:00:00,usr_h1,{}
evt_031,acc_009,signup_completed,2024-05-28 15:05:00,usr_i1,"{""source"":""self_serve""}"
evt_032,acc_009,workspace_created,2024-05-28 15:20:00,usr_i1,{}
evt_033,acc_010,signup_completed,2024-06-12 10:50:00,usr_j1,"{""source"":""self_serve""}"
evt_034,acc_010,workspace_created,2024-06-12 11:10:00,usr_j1,{}
evt_035,acc_010,invite_sent,2024-06-13 09:00:00,usr_j1,{}
evt_036,acc_010,report_generated,2024-06-14 16:00:00,usr_j1,{}
evt_037,acc_011,signup_completed,2024-07-01 13:05:00,usr_k1,"{""source"":""sales""}"
evt_038,acc_011,workspace_created,2024-07-01 13:30:00,usr_k1,{}
evt_039,acc_011,integration_connected,2024-07-02 10:00:00,usr_k1,"{""integration"":""salesforce""}"
evt_040,acc_011,api_key_created,2024-07-03 11:00:00,usr_k1,{}
evt_041,acc_011,report_generated,2024-07-04 14:00:00,usr_k2,{}
evt_042,acc_012,signup_completed,2024-07-20 11:35:00,usr_l1,"{""source"":""self_serve""}"
evt_043,acc_012,workspace_created,2024-07-20 11:50:00,usr_l1,{}
evt_044,acc_012,report_generated,2024-07-21 15:00:00,usr_l1,{}
evt_045,acc_013,signup_completed,2024-08-05 08:05:00,usr_m1,"{""source"":""self_serve""}"
evt_046,acc_013,workspace_created,2024-08-05 08:20:00,usr_m1,{}
evt_047,acc_014,signup_completed,2024-08-25 14:20:00,usr_n1,"{""source"":""sales""}"
evt_048,acc_014,workspace_created,2024-08-25 14:45:00,usr_n1,{}
evt_049,acc_014,integration_connected,2024-08-26 09:00:00,usr_n1,"{""integration"":""netsuite""}"
evt_050,acc_014,report_generated,2024-08-27 12:00:00,usr_n2,{}
evt_051,acc_014,dashboard_viewed,2024-08-28 10:00:00,usr_n1,{}
evt_052,acc_016,signup_completed,2024-09-10 09:05:00,usr_p1,"{""source"":""partner""}"
evt_053,acc_016,workspace_created,2024-09-10 09:25:00,usr_p1,{}
evt_054,acc_016,invite_sent,2024-09-11 11:00:00,usr_p1,{}
evt_055,acc_017,signup_completed,2024-09-28 16:50:00,usr_q1,"{""source"":""sales""}"
evt_056,acc_017,workspace_created,2024-09-28 17:10:00,usr_q1,{}
evt_057,acc_017,integration_connected,2024-09-29 08:00:00,usr_q1,"{""integration"":""sap""}"
evt_058,acc_017,report_generated,2024-09-30 14:00:00,usr_q2,{}
evt_059,acc_018,signup_completed,2024-10-15 10:25:00,usr_r1,"{""source"":""self_serve""}"
evt_060,acc_018,workspace_created,2024-10-15 10:40:00,usr_r1,{}
evt_061,acc_018,report_generated,2024-10-16 13:00:00,usr_r1,{}
evt_062,acc_019,signup_completed,2024-11-02 12:35:00,usr_s1,"{""source"":""self_serve""}"
evt_063,acc_019,workspace_created,2024-11-02 12:50:00,usr_s1,{}
evt_064,acc_020,signup_completed,2024-11-20 08:20:00,usr_t1,"{""source"":""self_serve""}"
evt_065,acc_001,report_generated,2024-11-01 10:00:00,usr_a1,{}
evt_066,acc_001,dashboard_viewed,2024-11-15 09:00:00,usr_a2,{}
evt_067,acc_004,report_generated,2024-11-10 11:00:00,usr_d1,{}
evt_068,acc_008,dashboard_viewed,2024-11-12 14:00:00,usr_h1,{}
evt_069,acc_011,api_call,2024-11-18 16:00:00,usr_k1,"{""endpoint"":""/v1/metrics""}"
evt_070,acc_014,report_generated,2024-11-22 09:00:00,usr_n1,{}
evt_0071,acc_001,login,2024-01-01T10:00:00,usr_001,"{""source"":""web""}"
evt_0072,acc_002,api_call,2024-02-02T11:00:00,usr_002,"{""source"":""api""}"
evt_0073,acc_003,report_run,2024-03-03T12:00:00,usr_003,"{""source"":""web""}"
evt_0074,acc_004,export,2024-04-04T13:00:00,usr_004,"{""source"":""api""}"
evt_0075,acc_005,invite,2024-05-05T14:00:00,usr_005,"{""source"":""web""}"
evt_0076,acc_006,login,2024-06-06T15:00:00,usr_006,"{""source"":""api""}"
evt_0077,acc_007,api_call,2024-07-07T16:00:00,usr_007,"{""source"":""web""}"
evt_0078,acc_008,report_run,2024-08-08T17:00:00,usr_008,"{""source"":""api""}"
evt_0079,acc_009,export,2024-09-09T18:00:00,usr_009,"{""source"":""web""}"
evt_0080,acc_010,invite,2024-10-10T19:00:00,usr_010,"{""source"":""api""}"
evt_0081,acc_011,login,2024-11-11T10:00:00,usr_011,"{""source"":""web""}"
evt_0082,acc_012,api_call,2024-12-12T11:00:00,usr_012,"{""source"":""api""}"
evt_0083,acc_013,report_run,2024-01-13T12:00:00,usr_013,"{""source"":""web""}"
evt_0084,acc_014,export,2024-02-14T13:00:00,usr_014,"{""source"":""api""}"
evt_0085,acc_015,invite,2024-03-15T14:00:00,usr_015,"{""source"":""web""}"
evt_0086,acc_016,login,2024-04-16T15:00:00,usr_016,"{""source"":""api""}"
evt_0087,acc_017,api_call,2024-05-17T16:00:00,usr_017,"{""source"":""web""}"
evt_0088,acc_018,report_run,2024-06-18T17:00:00,usr_018,"{""source"":""api""}"
evt_0089,acc_019,export,2024-07-19T18:00:00,usr_019,"{""source"":""web""}"
evt_0090,acc_020,invite,2024-08-20T19:00:00,usr_020,"{""source"":""api""}"
evt_0091,acc_021,login,2024-09-21T10:00:00,usr_021,"{""source"":""web""}"
evt_0092,acc_022,api_call,2024-10-22T11:00:00,usr_022,"{""source"":""api""}"
evt_0093,acc_023,report_run,2024-11-23T12:00:00,usr_023,"{""source"":""web""}"
evt_0094,acc_024,export,2024-12-24T13:00:00,usr_024,"{""source"":""api""}"
evt_0095,acc_025,invite,2024-01-25T14:00:00,usr_025,"{""source"":""web""}"
evt_0096,acc_026,login,2024-02-26T15:00:00,usr_026,"{""source"":""api""}"
evt_0097,acc_027,api_call,2024-03-27T16:00:00,usr_027,"{""source"":""web""}"
evt_0098,acc_028,report_run,2024-04-01T17:00:00,usr_028,"{""source"":""api""}"
evt_0099,acc_029,export,2024-05-02T18:00:00,usr_029,"{""source"":""web""}"
evt_0100,acc_030,invite,2024-06-03T19:00:00,usr_030,"{""source"":""api""}"
evt_0101,acc_031,login,2024-07-04T10:00:00,usr_031,"{""source"":""web""}"
evt_0102,acc_032,api_call,2024-08-05T11:00:00,usr_032,"{""source"":""api""}"
evt_0103,acc_033,report_run,2024-09-06T12:00:00,usr_033,"{""source"":""web""}"
evt_0104,acc_034,export,2024-10-07T13:00:00,usr_034,"{""source"":""api""}"
evt_0105,acc_035,invite,2024-11-08T14:00:00,usr_035,"{""source"":""web""}"
evt_0106,acc_001,login,2024-12-09T15:00:00,usr_036,"{""source"":""api""}"
evt_0107,acc_002,api_call,2024-01-10T16:00:00,usr_037,"{""source"":""web""}"
evt_0108,acc_003,report_run,2024-02-11T17:00:00,usr_038,"{""source"":""api""}"
evt_0109,acc_004,export,2024-03-12T18:00:00,usr_039,"{""source"":""web""}"
evt_0110,acc_005,invite,2024-04-13T19:00:00,usr_040,"{""source"":""api""}"
evt_0111,acc_006,login,2024-05-14T10:00:00,usr_001,"{""source"":""web""}"
evt_0112,acc_007,api_call,2024-06-15T11:00:00,usr_002,"{""source"":""api""}"
evt_0113,acc_008,report_run,2024-07-16T12:00:00,usr_003,"{""source"":""web""}"
evt_0114,acc_009,export,2024-08-17T13:00:00,usr_004,"{""source"":""api""}"
evt_0115,acc_010,invite,2024-09-18T14:00:00,usr_005,"{""source"":""web""}"
evt_0116,acc_011,login,2024-10-19T15:00:00,usr_006,"{""source"":""api""}"
evt_0117,acc_012,api_call,2024-11-20T16:00:00,usr_007,"{""source"":""web""}"
evt_0118,acc_013,report_run,2024-12-21T17:00:00,usr_008,"{""source"":""api""}"
evt_0119,acc_014,export,2024-01-22T18:00:00,usr_009,"{""source"":""web""}"
evt_0120,acc_015,invite,2024-02-23T19:00:00,usr_010,"{""source"":""api""}"
