account_id,account_name,segment,mrr_usd,created_date
A001,Acme 1,MM,10051,2024-01-03
A002,Acme 2,SMB,17239,2024-01-05
A003,Acme 3,MM,17600,2024-01-07
A004,Acme 4,SMB,13639,2024-01-09
A005,Acme 5,ENT,9967,2024-01-11
A006,Acme 6,ENT,4480,2024-01-13
A007,Acme 7,SMB,12099,2024-01-15
A008,Acme 8,ENT,15660,2024-01-17
A009,Acme 9,SMB,4514,2024-01-19
A010,Acme 10,SMB,8080,2024-01-21
A011,Acme 11,ENT,4991,2024-01-23
A012,Acme 12,MM,3238,2024-01-25
A013,Acme 13,SMB,4840,2024-01-27
A014,Acme 14,ENT,8938,2024-01-29
A015,Acme 15,MM,8757,2024-01-31
A016,Acme 16,SMB,1938,2024-02-02
A017,Acme 17,ENT,18525,2024-02-04
A018,Acme 18,MM,19586,2024-02-06
A019,Acme 19,ENT,19054,2024-02-08
A020,Acme 20,MM,19821,2024-02-10
A021,Acme 21,ENT,16248,2024-02-12
A022,Acme 22,SMB,5508,2024-02-14
A023,Acme 23,SMB,1540,2024-02-16
A024,Acme 24,SMB,17516,2024-02-18
A025,Acme 25,SMB,13402,2024-02-20
A026,Acme 26,SMB,7886,2024-02-22
A027,Acme 27,SMB,2011,2024-02-24
A028,Acme 28,SMB,503,2024-02-26
A029,Acme 29,ENT,18151,2024-02-28
A030,Acme 30,ENT,6562,2024-03-01
A031,Acme 31,SMB,13638,2024-03-03
A032,Acme 32,SMB,17081,2024-03-05
A033,Acme 33,ENT,16710,2024-03-07
A034,Acme 34,ENT,13705,2024-03-09
A035,Acme 35,ENT,5821,2024-03-11
A036,Acme 36,ENT,10236,2024-03-13
A037,Acme 37,SMB,9938,2024-03-15
A038,Acme 38,ENT,1687,2024-03-17
A039,Acme 39,ENT,15759,2024-03-19
A040,Acme 40,ENT,17741,2024-03-21
A041,Acme 41,SMB,12392,2024-03-23
A042,Acme 42,MM,15344,2024-03-25
A043,Acme 43,SMB,14926,2024-03-27
A044,Acme 44,SMB,7502,2024-03-29
A045,Acme 45,SMB,8665,2024-03-31
A046,Acme 46,SMB,1370,2024-04-02
A047,Acme 47,SMB,11093,2024-04-04
A048,Acme 48,ENT,8726,2024-04-06
A049,Acme 49,ENT,1820,2024-04-08
A050,Acme 50,MM,18245,2024-04-10
A051,Acme 51,ENT,14387,2024-04-12
A052,Acme 52,ENT,17244,2024-04-14
A053,Acme 53,MM,9785,2024-04-16
A054,Acme 54,ENT,7209,2024-04-18
A055,Acme 55,SMB,16726,2024-04-20
A056,Acme 56,SMB,5662,2024-04-22
A057,Acme 57,MM,7835,2024-04-24
A058,Acme 58,ENT,6743,2024-04-26
A059,Acme 59,SMB,10809,2024-04-28
A060,Acme 60,SMB,12836,2024-04-30
A061,Acme 61,MM,19800,2024-05-02
A062,Acme 62,SMB,12532,2024-05-04
A063,Acme 63,ENT,17674,2024-05-06
A064,Acme 64,MM,15570,2024-05-08
A065,Acme 65,ENT,308,2024-05-10
A066,Acme 66,SMB,14425,2024-05-12
A067,Acme 67,ENT,7761,2024-05-14
A068,Acme 68,ENT,10183,2024-05-16
A069,Acme 69,SMB,12929,2024-05-18
A070,Acme 70,ENT,19279,2024-05-20
A071,Acme 71,SMB,18619,2024-05-22
A072,Acme 72,SMB,4837,2024-05-24
A073,Acme 73,SMB,980,2024-05-26
A074,Acme 74,SMB,3594,2024-05-28
A075,Acme 75,ENT,5401,2024-05-30
A076,Acme 76,MM,4746,2024-06-01
A077,Acme 77,ENT,1040,2024-06-03
A078,Acme 78,SMB,1463,2024-06-05
A079,Acme 79,SMB,1496,2024-06-07
A080,Acme 80,ENT,2321,2024-06-09
