event_id,account_id,event_ts,event_type,bytes,region,source_system
e00001,A002,2024-01-02T12:00:00,batch,1266414,eastus,ADLS
e00002,A003,2024-01-03T12:00:00,stream,406055,westus2,ADLS
e00003,A004,2024-01-04T12:00:00,stream,790620,eastus,ADLS
e00004,A005,2024-01-05T12:00:00,stream,487530,westeurope,ADLS
e00005,A006,2024-01-06T12:00:00,api,315536,westus2,ADLS
e00006,A007,2024-01-07T12:00:00,batch,3508882,westus2,ADLS
e00007,A008,2024-01-08T12:00:00,api,761955,westeurope,ADLS
e00008,A009,2024-01-09T12:00:00,batch,496854,westeurope,ADLS
e00009,A010,2024-01-10T12:00:00,api,1873664,westeurope,ADLS
e00010,A011,2024-01-11T12:00:00,stream,4891532,westus2,ADLS
e00011,A012,2024-01-12T12:00:00,stream,4912877,eastus,ADLS
e00012,A013,2024-01-13T12:00:00,api,1855568,westus2,ADLS
e00013,A014,2024-01-14T12:00:00,stream,1118151,eastus,ADLS
e00014,A015,2024-01-15T12:00:00,batch,1211099,westeurope,ADLS
e00015,A016,2024-01-16T12:00:00,api,4790171,eastus,ADLS
e00016,A017,2024-01-17T12:00:00,stream,1517042,westus2,ADLS
e00017,A018,2024-01-18T12:00:00,stream,4792609,westeurope,ADLS
e00018,A019,2024-01-19T12:00:00,api,3124897,westus2,ADLS
e00019,A020,2024-01-20T12:00:00,stream,527712,westeurope,ADLS
e00020,A021,2024-01-21T12:00:00,api,1728706,eastus,ADLS
e00021,A022,2024-01-22T12:00:00,stream,4461392,eastus,ADLS
e00022,A023,2024-01-23T12:00:00,batch,3906751,westeurope,ADLS
e00023,A024,2024-01-24T12:00:00,batch,3034172,eastus,ADLS
e00024,A025,2024-01-25T12:00:00,api,1508992,westeurope,ADLS
e00025,A026,2024-01-26T12:00:00,api,687649,westeurope,ADLS
e00026,A027,2024-01-27T12:00:00,batch,4406667,eastus,ADLS
e00027,A028,2024-01-28T12:00:00,batch,3766094,eastus,ADLS
e00028,A029,2024-01-29T12:00:00,stream,615053,westus2,ADLS
e00029,A030,2024-01-30T12:00:00,stream,3508468,westus2,ADLS
e00030,A031,2024-01-31T12:00:00,batch,1275938,eastus,ADLS
e00031,A032,2024-02-01T12:00:00,batch,329894,westeurope,ADLS
e00032,A033,2024-02-02T12:00:00,api,4682478,westeurope,ADLS
e00033,A034,2024-02-03T12:00:00,batch,2854153,westeurope,ADLS
e00034,A035,2024-02-04T12:00:00,batch,4986935,eastus,ADLS
e00035,A036,2024-02-05T12:00:00,stream,3827927,westus2,ADLS
e00036,A037,2024-02-06T12:00:00,api,2265414,eastus,ADLS
e00037,A038,2024-02-07T12:00:00,stream,546259,westus2,ADLS
e00038,A039,2024-02-08T12:00:00,stream,2598174,westeurope,ADLS
e00039,A040,2024-02-09T12:00:00,stream,3739305,eastus,ADLS
e00040,A041,2024-02-10T12:00:00,stream,3237253,westeurope,ADLS
e00041,A042,2024-02-11T12:00:00,batch,190271,eastus,ADLS
e00042,A043,2024-02-12T12:00:00,batch,1410691,westeurope,ADLS
e00043,A044,2024-02-13T12:00:00,api,4142397,westus2,ADLS
e00044,A045,2024-02-14T12:00:00,api,2412153,westus2,ADLS
e00045,A046,2024-02-15T12:00:00,stream,2078143,eastus,ADLS
e00046,A047,2024-02-16T12:00:00,batch,4166000,westus2,ADLS
e00047,A048,2024-02-17T12:00:00,api,3769057,eastus,ADLS
e00048,A049,2024-02-18T12:00:00,stream,2331683,westus2,ADLS
e00049,A050,2024-02-19T12:00:00,batch,4616576,eastus,ADLS
e00050,A051,2024-02-20T12:00:00,stream,3484759,eastus,ADLS
e00051,A052,2024-02-21T12:00:00,stream,3192372,westus2,ADLS
e00052,A053,2024-02-22T12:00:00,api,697126,westus2,ADLS
e00053,A054,2024-02-23T12:00:00,api,1946795,westeurope,ADLS
e00054,A055,2024-02-24T12:00:00,api,102192,eastus,ADLS
e00055,A056,2024-02-25T12:00:00,stream,1530602,eastus,ADLS
e00056,A057,2024-02-26T12:00:00,batch,35339,westus2,ADLS
e00057,A058,2024-02-27T12:00:00,batch,4485474,eastus,ADLS
e00058,A059,2024-02-28T12:00:00,stream,4751814,eastus,ADLS
e00059,A060,2024-02-29T12:00:00,api,4325255,westeurope,ADLS
e00060,A061,2024-03-01T12:00:00,stream,453925,eastus,ADLS
e00061,A062,2024-03-02T12:00:00,stream,4692511,eastus,ADLS
e00062,A063,2024-03-03T12:00:00,batch,3347877,eastus,ADLS
e00063,A064,2024-03-04T12:00:00,api,4040306,westeurope,ADLS
e00064,A065,2024-03-05T12:00:00,batch,523172,westus2,ADLS
e00065,A066,2024-03-06T12:00:00,api,1752232,eastus,ADLS
e00066,A067,2024-03-07T12:00:00,api,923145,eastus,ADLS
e00067,A068,2024-03-08T12:00:00,stream,442036,westus2,ADLS
e00068,A069,2024-03-09T12:00:00,api,4755525,westus2,ADLS
e00069,A070,2024-03-10T12:00:00,stream,852144,eastus,ADLS
e00070,A071,2024-03-11T12:00:00,stream,214916,westus2,ADLS
e00071,A072,2024-03-12T12:00:00,api,3157040,westus2,ADLS
e00072,A073,2024-03-13T12:00:00,stream,2117091,eastus,ADLS
e00073,A074,2024-03-14T12:00:00,stream,3055824,eastus,ADLS
e00074,A075,2024-03-15T12:00:00,api,968655,eastus,ADLS
e00075,A076,2024-03-16T12:00:00,batch,4030846,eastus,ADLS
e00076,A077,2024-03-17T12:00:00,batch,721452,westus2,ADLS
e00077,A078,2024-03-18T12:00:00,api,2875237,westeurope,ADLS
e00078,A079,2024-03-19T12:00:00,batch,4015971,westeurope,ADLS
e00079,A080,2024-03-20T12:00:00,api,4332327,westus2,ADLS
e00080,A001,2024-03-21T12:00:00,api,4432344,eastus,ADLS
e00081,A002,2024-03-22T12:00:00,api,4557460,westus2,ADLS
e00082,A003,2024-03-23T12:00:00,stream,2501557,westeurope,ADLS
e00083,A004,2024-03-24T12:00:00,api,2191393,westeurope,ADLS
e00084,A005,2024-03-25T12:00:00,batch,1402250,eastus,ADLS
e00085,A006,2024-03-26T12:00:00,api,4468708,westeurope,ADLS
e00086,A007,2024-03-27T12:00:00,stream,2766430,westeurope,ADLS
e00087,A008,2024-03-28T12:00:00,api,1638003,westus2,ADLS
e00088,A009,2024-03-29T12:00:00,batch,1903028,westus2,ADLS
e00089,A010,2024-03-30T12:00:00,stream,4134753,eastus,ADLS
e00090,A011,2024-03-31T12:00:00,stream,244103,westus2,ADLS
e00091,A012,2024-04-01T12:00:00,batch,3962436,eastus,ADLS
e00092,A013,2024-04-02T12:00:00,api,2889037,eastus,ADLS
e00093,A014,2024-04-03T12:00:00,stream,2932983,eastus,ADLS
e00094,A015,2024-04-04T12:00:00,api,1850372,westus2,ADLS
e00095,A016,2024-04-05T12:00:00,api,3944316,westus2,ADLS
e00096,A017,2024-04-06T12:00:00,batch,1715408,eastus,ADLS
e00097,A018,2024-04-07T12:00:00,stream,17008,eastus,ADLS
e00098,A019,2024-04-08T12:00:00,stream,2886739,westeurope,ADLS
e00099,A020,2024-04-09T12:00:00,api,1006824,eastus,ADLS
e00100,A021,2024-04-10T12:00:00,stream,1673012,eastus,ADLS
e00101,A022,2024-04-11T12:00:00,api,3641027,westeurope,ADLS
e00102,A023,2024-04-12T12:00:00,batch,728710,westeurope,ADLS
e00103,A024,2024-04-13T12:00:00,batch,3886272,eastus,ADLS
e00104,A025,2024-04-14T12:00:00,stream,713354,westeurope,ADLS
e00105,A026,2024-04-15T12:00:00,api,1427094,westus2,ADLS
e00106,A027,2024-04-16T12:00:00,api,1268943,westeurope,ADLS
e00107,A028,2024-04-17T12:00:00,batch,1227198,westeurope,ADLS
e00108,A029,2024-04-18T12:00:00,stream,3980194,westeurope,ADLS
e00109,A030,2024-04-19T12:00:00,batch,1308888,westeurope,ADLS
e00110,A031,2024-04-20T12:00:00,stream,1099772,westus2,ADLS
e00111,A032,2024-04-21T12:00:00,api,863114,westeurope,ADLS
e00112,A033,2024-04-22T12:00:00,stream,1169119,eastus,ADLS
e00113,A034,2024-04-23T12:00:00,api,1771351,westus2,ADLS
e00114,A035,2024-04-24T12:00:00,batch,1785926,eastus,ADLS
e00115,A036,2024-04-25T12:00:00,stream,2018790,westeurope,ADLS
e00116,A037,2024-04-26T12:00:00,batch,2176709,westeurope,ADLS
e00117,A038,2024-04-27T12:00:00,batch,1100525,westus2,ADLS
e00118,A039,2024-04-28T12:00:00,stream,2968755,eastus,ADLS
e00119,A040,2024-04-29T12:00:00,stream,4894484,westeurope,ADLS
e00120,A041,2024-04-30T12:00:00,batch,4209136,westus2,ADLS
e00121,A042,2024-05-01T12:00:00,stream,1274695,westeurope,ADLS
e00122,A043,2024-05-02T12:00:00,stream,157907,eastus,ADLS
e00123,A044,2024-05-03T12:00:00,api,33988,westus2,ADLS
e00124,A045,2024-05-04T12:00:00,api,1188482,eastus,ADLS
e00125,A046,2024-05-05T12:00:00,stream,1010456,westeurope,ADLS
e00126,A047,2024-05-06T12:00:00,api,2735536,westeurope,ADLS
e00127,A048,2024-05-07T12:00:00,stream,4453055,westeurope,ADLS
e00128,A049,2024-05-08T12:00:00,batch,891110,westeurope,ADLS
e00129,A050,2024-05-09T12:00:00,api,2085521,westus2,ADLS
e00130,A051,2024-05-10T12:00:00,batch,354989,westus2,ADLS
e00131,A052,2024-05-11T12:00:00,stream,3794126,westeurope,ADLS
e00132,A053,2024-05-12T12:00:00,api,532576,eastus,ADLS
e00133,A054,2024-05-13T12:00:00,batch,4241887,westeurope,ADLS
e00134,A055,2024-05-14T12:00:00,stream,1673715,westeurope,ADLS
e00135,A056,2024-05-15T12:00:00,batch,3795551,westeurope,ADLS
e00136,A057,2024-05-16T12:00:00,stream,4011059,westeurope,ADLS
e00137,A058,2024-05-17T12:00:00,api,4390000,eastus,ADLS
e00138,A059,2024-05-18T12:00:00,stream,1700435,eastus,ADLS
e00139,A060,2024-05-19T12:00:00,api,3496004,westus2,ADLS
e00140,A061,2024-05-20T12:00:00,batch,3709755,eastus,ADLS
e00141,A062,2024-05-21T12:00:00,api,2019624,eastus,ADLS
e00142,A063,2024-05-22T12:00:00,api,1785171,westeurope,ADLS
e00143,A064,2024-05-23T12:00:00,batch,1027345,westus2,ADLS
e00144,A065,2024-05-24T12:00:00,stream,3072768,westus2,ADLS
e00145,A066,2024-05-25T12:00:00,batch,1152375,eastus,ADLS
e00146,A067,2024-05-26T12:00:00,api,790581,eastus,ADLS
e00147,A068,2024-05-27T12:00:00,batch,1366624,westeurope,ADLS
e00148,A069,2024-05-28T12:00:00,api,1355475,westeurope,ADLS
e00149,A070,2024-05-29T12:00:00,batch,4326208,eastus,ADLS
e00150,A071,2024-05-30T12:00:00,batch,3534923,westus2,ADLS
e00151,A072,2024-05-31T12:00:00,batch,2672986,westus2,ADLS
e00152,A073,2024-06-01T12:00:00,stream,3070832,westus2,ADLS
e00153,A074,2024-06-02T12:00:00,batch,4648710,eastus,ADLS
e00154,A075,2024-06-03T12:00:00,batch,152682,eastus,ADLS
e00155,A076,2024-06-04T12:00:00,batch,4341549,westeurope,ADLS
e00156,A077,2024-06-05T12:00:00,batch,4298167,westus2,ADLS
e00157,A078,2024-06-06T12:00:00,api,1918248,westus2,ADLS
e00158,A079,2024-06-07T12:00:00,api,2228714,eastus,ADLS
e00159,A080,2024-06-08T12:00:00,api,1523963,eastus,ADLS
e00160,A001,2024-06-09T12:00:00,api,3543124,westeurope,ADLS
e00161,A002,2024-06-10T12:00:00,batch,3406337,westus2,ADLS
e00162,A003,2024-06-11T12:00:00,stream,4319309,westeurope,ADLS
e00163,A004,2024-06-12T12:00:00,batch,2744481,westus2,ADLS
e00164,A005,2024-06-13T12:00:00,batch,483567,westeurope,ADLS
e00165,A006,2024-06-14T12:00:00,api,3568817,westus2,ADLS
e00166,A007,2024-06-15T12:00:00,batch,142194,westeurope,ADLS
e00167,A008,2024-06-16T12:00:00,api,2186667,westus2,ADLS
e00168,A009,2024-06-17T12:00:00,stream,1866693,westus2,ADLS
e00169,A010,2024-06-18T12:00:00,batch,1021705,eastus,ADLS
e00170,A011,2024-06-19T12:00:00,api,2846011,westeurope,ADLS
e00171,A012,2024-06-20T12:00:00,batch,2247970,westeurope,ADLS
e00172,A013,2024-06-21T12:00:00,api,363435,westeurope,ADLS
e00173,A014,2024-06-22T12:00:00,stream,2001147,westus2,ADLS
e00174,A015,2024-06-23T12:00:00,api,2197936,westus2,ADLS
e00175,A016,2024-06-24T12:00:00,api,1693554,eastus,ADLS
e00176,A017,2024-06-25T12:00:00,stream,2559570,westeurope,ADLS
e00177,A018,2024-06-26T12:00:00,api,2433367,eastus,ADLS
e00178,A019,2024-06-27T12:00:00,stream,1493332,eastus,ADLS
e00179,A020,2024-06-28T12:00:00,batch,153363,eastus,ADLS
e00180,A021,2024-01-01T12:00:00,api,129732,westus2,ADLS
e00181,A022,2024-01-02T12:00:00,stream,4242733,westeurope,ADLS
e00182,A023,2024-01-03T12:00:00,api,4314715,eastus,ADLS
e00183,A024,2024-01-04T12:00:00,api,3751173,westus2,ADLS
e00184,A025,2024-01-05T12:00:00,stream,3626368,westeurope,ADLS
e00185,A026,2024-01-06T12:00:00,batch,4580393,eastus,ADLS
e00186,A027,2024-01-07T12:00:00,stream,2582871,westeurope,ADLS
e00187,A028,2024-01-08T12:00:00,api,1926741,eastus,ADLS
e00188,A029,2024-01-09T12:00:00,api,1173046,eastus,ADLS
e00189,A030,2024-01-10T12:00:00,batch,457244,westus2,ADLS
e00190,A031,2024-01-11T12:00:00,api,594265,westeurope,ADLS
e00191,A032,2024-01-12T12:00:00,stream,2145076,eastus,ADLS
e00192,A033,2024-01-13T12:00:00,api,465738,westus2,ADLS
e00193,A034,2024-01-14T12:00:00,stream,3196067,westeurope,ADLS
e00194,A035,2024-01-15T12:00:00,stream,2366027,westeurope,ADLS
e00195,A036,2024-01-16T12:00:00,api,2459352,westus2,ADLS
e00196,A037,2024-01-17T12:00:00,batch,1555845,westus2,ADLS
e00197,A038,2024-01-18T12:00:00,batch,3740847,westus2,ADLS
e00198,A039,2024-01-19T12:00:00,batch,3055639,eastus,ADLS
e00199,A040,2024-01-20T12:00:00,stream,2714999,westus2,ADLS
e00200,A041,2024-01-21T12:00:00,api,2597676,westus2,ADLS
e00201,A042,2024-01-22T12:00:00,batch,1535762,westus2,ADLS
e00202,A043,2024-01-23T12:00:00,batch,3202316,westus2,ADLS
e00203,A044,2024-01-24T12:00:00,batch,2340824,westeurope,ADLS
e00204,A045,2024-01-25T12:00:00,stream,1686942,westus2,ADLS
e00205,A046,2024-01-26T12:00:00,stream,42528,westus2,ADLS
e00206,A047,2024-01-27T12:00:00,batch,753906,westus2,ADLS
e00207,A048,2024-01-28T12:00:00,batch,4923441,westus2,ADLS
e00208,A049,2024-01-29T12:00:00,batch,189694,eastus,ADLS
e00209,A050,2024-01-30T12:00:00,batch,1953948,westus2,ADLS
e00210,A051,2024-01-31T12:00:00,stream,4440163,westus2,ADLS
e00211,A052,2024-02-01T12:00:00,stream,3268500,eastus,ADLS
e00212,A053,2024-02-02T12:00:00,stream,4146572,westus2,ADLS
e00213,A054,2024-02-03T12:00:00,batch,1215269,westus2,ADLS
e00214,A055,2024-02-04T12:00:00,stream,4304198,westeurope,ADLS
e00215,A056,2024-02-05T12:00:00,batch,4241785,westus2,ADLS
e00216,A057,2024-02-06T12:00:00,stream,4231971,westeurope,ADLS
e00217,A058,2024-02-07T12:00:00,api,4900463,westeurope,ADLS
e00218,A059,2024-02-08T12:00:00,stream,1929882,westus2,ADLS
e00219,A060,2024-02-09T12:00:00,api,352164,westus2,ADLS
e00220,A061,2024-02-10T12:00:00,stream,3026833,westus2,ADLS
e00221,A062,2024-02-11T12:00:00,batch,3787501,westeurope,ADLS
e00222,A063,2024-02-12T12:00:00,api,159047,westeurope,ADLS
e00223,A064,2024-02-13T12:00:00,stream,2052515,eastus,ADLS
e00224,A065,2024-02-14T12:00:00,batch,28802,eastus,ADLS
e00225,A066,2024-02-15T12:00:00,api,4220226,westeurope,ADLS
e00226,A067,2024-02-16T12:00:00,api,4413325,westus2,ADLS
e00227,A068,2024-02-17T12:00:00,stream,3976012,eastus,ADLS
e00228,A069,2024-02-18T12:00:00,api,2228663,westus2,ADLS
e00229,A070,2024-02-19T12:00:00,stream,1722489,westus2,ADLS
e00230,A071,2024-02-20T12:00:00,stream,3862612,eastus,ADLS
e00231,A072,2024-02-21T12:00:00,batch,644740,eastus,ADLS
e00232,A073,2024-02-22T12:00:00,stream,2411207,westus2,ADLS
e00233,A074,2024-02-23T12:00:00,stream,1664378,westus2,ADLS
e00234,A075,2024-02-24T12:00:00,stream,1237691,eastus,ADLS
e00235,A076,2024-02-25T12:00:00,batch,2554636,westeurope,ADLS
e00236,A077,2024-02-26T12:00:00,stream,1120384,westus2,ADLS
e00237,A078,2024-02-27T12:00:00,batch,509861,eastus,ADLS
e00238,A079,2024-02-28T12:00:00,batch,835826,westeurope,ADLS
e00239,A080,2024-02-29T12:00:00,api,4108182,eastus,ADLS
e00240,A001,2024-03-01T12:00:00,stream,4334015,eastus,ADLS
e00241,A002,2024-03-02T12:00:00,batch,3909232,eastus,ADLS
e00242,A003,2024-03-03T12:00:00,api,4606987,westus2,ADLS
e00243,A004,2024-03-04T12:00:00,batch,721197,eastus,ADLS
e00244,A005,2024-03-05T12:00:00,api,2430247,eastus,ADLS
e00245,A006,2024-03-06T12:00:00,api,4250824,eastus,ADLS
e00246,A007,2024-03-07T12:00:00,batch,3246119,westus2,ADLS
e00247,A008,2024-03-08T12:00:00,api,626898,westeurope,ADLS
e00248,A009,2024-03-09T12:00:00,api,1190006,westeurope,ADLS
e00249,A010,2024-03-10T12:00:00,stream,2197212,eastus,ADLS
e00250,A011,2024-03-11T12:00:00,api,4268656,eastus,ADLS
e00251,A012,2024-03-12T12:00:00,api,3064423,westus2,ADLS
e00252,A013,2024-03-13T12:00:00,batch,4079043,eastus,ADLS
e00253,A014,2024-03-14T12:00:00,api,1335336,westus2,ADLS
e00254,A015,2024-03-15T12:00:00,batch,3782251,eastus,ADLS
e00255,A016,2024-03-16T12:00:00,batch,1181337,eastus,ADLS
e00256,A017,2024-03-17T12:00:00,batch,3156007,eastus,ADLS
e00257,A018,2024-03-18T12:00:00,api,2780350,westus2,ADLS
e00258,A019,2024-03-19T12:00:00,batch,2838636,eastus,ADLS
e00259,A020,2024-03-20T12:00:00,api,1642995,westeurope,ADLS
e00260,A021,2024-03-21T12:00:00,api,2432295,eastus,ADLS
e00261,A022,2024-03-22T12:00:00,batch,546069,eastus,ADLS
e00262,A023,2024-03-23T12:00:00,batch,4943372,westus2,ADLS
e00263,A024,2024-03-24T12:00:00,batch,3591766,eastus,ADLS
e00264,A025,2024-03-25T12:00:00,api,2355159,westus2,ADLS
e00265,A026,2024-03-26T12:00:00,api,2396980,westeurope,ADLS
e00266,A027,2024-03-27T12:00:00,api,2092487,eastus,ADLS
e00267,A028,2024-03-28T12:00:00,batch,4287268,eastus,ADLS
e00268,A029,2024-03-29T12:00:00,api,3132880,eastus,ADLS
e00269,A030,2024-03-30T12:00:00,api,3356792,westeurope,ADLS
e00270,A031,2024-03-31T12:00:00,stream,1707543,westeurope,ADLS
e00271,A032,2024-04-01T12:00:00,api,416035,westeurope,ADLS
e00272,A033,2024-04-02T12:00:00,batch,3783091,westeurope,ADLS
e00273,A034,2024-04-03T12:00:00,api,2401889,eastus,ADLS
e00274,A035,2024-04-04T12:00:00,api,4615642,westus2,ADLS
e00275,A036,2024-04-05T12:00:00,api,3961967,eastus,ADLS
e00276,A037,2024-04-06T12:00:00,batch,2364457,eastus,ADLS
e00277,A038,2024-04-07T12:00:00,batch,2183456,eastus,ADLS
e00278,A039,2024-04-08T12:00:00,stream,2003067,eastus,ADLS
e00279,A040,2024-04-09T12:00:00,batch,4676153,westeurope,ADLS
e00280,A041,2024-04-10T12:00:00,batch,1005473,westus2,ADLS
e00281,A042,2024-04-11T12:00:00,stream,1357076,westus2,ADLS
e00282,A043,2024-04-12T12:00:00,api,4200377,eastus,ADLS
e00283,A044,2024-04-13T12:00:00,stream,1846705,eastus,ADLS
e00284,A045,2024-04-14T12:00:00,batch,3775541,eastus,ADLS
e00285,A046,2024-04-15T12:00:00,api,4596156,westus2,ADLS
e00286,A047,2024-04-16T12:00:00,api,761968,westus2,ADLS
e00287,A048,2024-04-17T12:00:00,batch,4664009,westus2,ADLS
e00288,A049,2024-04-18T12:00:00,batch,2006939,eastus,ADLS
e00289,A050,2024-04-19T12:00:00,batch,4779299,westus2,ADLS
e00290,A051,2024-04-20T12:00:00,api,3463663,eastus,ADLS
e00291,A052,2024-04-21T12:00:00,batch,4398041,westus2,ADLS
e00292,A053,2024-04-22T12:00:00,batch,2267936,eastus,ADLS
e00293,A054,2024-04-23T12:00:00,api,4179750,eastus,ADLS
e00294,A055,2024-04-24T12:00:00,stream,3022117,westus2,ADLS
e00295,A056,2024-04-25T12:00:00,stream,4223789,westeurope,ADLS
e00296,A057,2024-04-26T12:00:00,stream,1812630,westus2,ADLS
e00297,A058,2024-04-27T12:00:00,batch,2085180,eastus,ADLS
e00298,A059,2024-04-28T12:00:00,batch,3741131,eastus,ADLS
e00299,A060,2024-04-29T12:00:00,batch,183959,westus2,ADLS
e00300,A061,2024-04-30T12:00:00,api,3567835,westeurope,ADLS
e00301,A062,2024-05-01T12:00:00,batch,4926593,eastus,ADLS
e00302,A063,2024-05-02T12:00:00,api,614525,eastus,ADLS
e00303,A064,2024-05-03T12:00:00,stream,3928138,eastus,ADLS
e00304,A065,2024-05-04T12:00:00,api,915744,westus2,ADLS
e00305,A066,2024-05-05T12:00:00,api,1276640,westeurope,ADLS
e00306,A067,2024-05-06T12:00:00,stream,914438,westeurope,ADLS
e00307,A068,2024-05-07T12:00:00,stream,3837320,westus2,ADLS
e00308,A069,2024-05-08T12:00:00,stream,332738,westus2,ADLS
e00309,A070,2024-05-09T12:00:00,api,1951995,westeurope,ADLS
e00310,A071,2024-05-10T12:00:00,api,2549310,westus2,ADLS
e00311,A072,2024-05-11T12:00:00,stream,2113200,westeurope,ADLS
e00312,A073,2024-05-12T12:00:00,stream,3670433,westeurope,ADLS
e00313,A074,2024-05-13T12:00:00,api,835203,westus2,ADLS
e00314,A075,2024-05-14T12:00:00,batch,4400293,westeurope,ADLS
e00315,A076,2024-05-15T12:00:00,api,3256467,eastus,ADLS
e00316,A077,2024-05-16T12:00:00,api,10663,westus2,ADLS
e00317,A078,2024-05-17T12:00:00,stream,2530343,eastus,ADLS
e00318,A079,2024-05-18T12:00:00,batch,2654795,westeurope,ADLS
e00319,A080,2024-05-19T12:00:00,api,3988140,westeurope,ADLS
e00320,A001,2024-05-20T12:00:00,api,4589587,westus2,ADLS
e00321,A002,2024-05-21T12:00:00,api,3455513,westeurope,ADLS
e00322,A003,2024-05-22T12:00:00,stream,2579639,westus2,ADLS
e00323,A004,2024-05-23T12:00:00,api,1629356,eastus,ADLS
e00324,A005,2024-05-24T12:00:00,stream,3524348,westus2,ADLS
e00325,A006,2024-05-25T12:00:00,batch,1912264,westeurope,ADLS
e00326,A007,2024-05-26T12:00:00,batch,3106613,westus2,ADLS
e00327,A008,2024-05-27T12:00:00,batch,287029,westeurope,ADLS
e00328,A009,2024-05-28T12:00:00,batch,3528886,eastus,ADLS
e00329,A010,2024-05-29T12:00:00,stream,3325893,westus2,ADLS
e00330,A011,2024-05-30T12:00:00,api,2451406,westeurope,ADLS
e00331,A012,2024-05-31T12:00:00,stream,566664,westus2,ADLS
e00332,A013,2024-06-01T12:00:00,batch,1682192,eastus,ADLS
e00333,A014,2024-06-02T12:00:00,api,1937164,eastus,ADLS
e00334,A015,2024-06-03T12:00:00,api,2224165,eastus,ADLS
e00335,A016,2024-06-04T12:00:00,api,4159775,westeurope,ADLS
e00336,A017,2024-06-05T12:00:00,api,1874378,eastus,ADLS
e00337,A018,2024-06-06T12:00:00,batch,474260,westeurope,ADLS
e00338,A019,2024-06-07T12:00:00,api,3301581,westus2,ADLS
e00339,A020,2024-06-08T12:00:00,api,199212,westeurope,ADLS
e00340,A021,2024-06-09T12:00:00,api,3485501,westus2,ADLS
e00341,A022,2024-06-10T12:00:00,stream,505451,westus2,ADLS
e00342,A023,2024-06-11T12:00:00,batch,3772870,westeurope,ADLS
e00343,A024,2024-06-12T12:00:00,batch,950637,westus2,ADLS
e00344,A025,2024-06-13T12:00:00,api,2762888,westus2,ADLS
e00345,A026,2024-06-14T12:00:00,api,4403321,westeurope,ADLS
e00346,A027,2024-06-15T12:00:00,batch,268543,eastus,ADLS
e00347,A028,2024-06-16T12:00:00,stream,3177089,eastus,ADLS
e00348,A029,2024-06-17T12:00:00,batch,3712415,westus2,ADLS
e00349,A030,2024-06-18T12:00:00,api,25081,westus2,ADLS
e00350,A031,2024-06-19T12:00:00,batch,678488,eastus,ADLS
e00351,A032,2024-06-20T12:00:00,batch,1038740,westeurope,ADLS
e00352,A033,2024-06-21T12:00:00,api,3189758,eastus,ADLS
e00353,A034,2024-06-22T12:00:00,batch,3628647,westus2,ADLS
e00354,A035,2024-06-23T12:00:00,api,3972704,westus2,ADLS
e00355,A036,2024-06-24T12:00:00,batch,4543674,eastus,ADLS
e00356,A037,2024-06-25T12:00:00,api,2713114,eastus,ADLS
e00357,A038,2024-06-26T12:00:00,stream,3981682,westus2,ADLS
e00358,A039,2024-06-27T12:00:00,stream,3447055,westus2,ADLS
e00359,A040,2024-06-28T12:00:00,stream,3396478,westus2,ADLS
e00360,A041,2024-01-01T12:00:00,batch,293379,eastus,ADLS
e00361,A042,2024-01-02T12:00:00,api,521126,eastus,ADLS
e00362,A043,2024-01-03T12:00:00,api,528238,westeurope,ADLS
e00363,A044,2024-01-04T12:00:00,batch,3045849,eastus,ADLS
e00364,A045,2024-01-05T12:00:00,batch,366622,eastus,ADLS
e00365,A046,2024-01-06T12:00:00,stream,2655857,eastus,ADLS
e00366,A047,2024-01-07T12:00:00,batch,32638,westeurope,ADLS
e00367,A048,2024-01-08T12:00:00,stream,549045,westus2,ADLS
e00368,A049,2024-01-09T12:00:00,api,900773,eastus,ADLS
e00369,A050,2024-01-10T12:00:00,stream,3907943,eastus,ADLS
e00370,A051,2024-01-11T12:00:00,batch,3607582,eastus,ADLS
e00371,A052,2024-01-12T12:00:00,api,4166284,westus2,ADLS
e00372,A053,2024-01-13T12:00:00,api,2545388,westeurope,ADLS
e00373,A054,2024-01-14T12:00:00,api,1981906,eastus,ADLS
e00374,A055,2024-01-15T12:00:00,batch,3866312,eastus,ADLS
e00375,A056,2024-01-16T12:00:00,stream,663824,westeurope,ADLS
e00376,A057,2024-01-17T12:00:00,api,3286695,westus2,ADLS
e00377,A058,2024-01-18T12:00:00,api,3421511,westus2,ADLS
e00378,A059,2024-01-19T12:00:00,stream,285069,eastus,ADLS
e00379,A060,2024-01-20T12:00:00,stream,4569575,eastus,ADLS
e00380,A061,2024-01-21T12:00:00,api,3579196,westus2,ADLS
e00381,A062,2024-01-22T12:00:00,api,2223069,westeurope,ADLS
e00382,A063,2024-01-23T12:00:00,api,1748691,westus2,ADLS
e00383,A064,2024-01-24T12:00:00,batch,4182513,westeurope,ADLS
e00384,A065,2024-01-25T12:00:00,batch,1453838,westus2,ADLS
e00385,A066,2024-01-26T12:00:00,api,3497712,eastus,ADLS
e00386,A067,2024-01-27T12:00:00,stream,1971763,westeurope,ADLS
e00387,A068,2024-01-28T12:00:00,stream,1017403,eastus,ADLS
e00388,A069,2024-01-29T12:00:00,batch,2344751,westeurope,ADLS
e00389,A070,2024-01-30T12:00:00,batch,3129707,eastus,ADLS
e00390,A071,2024-01-31T12:00:00,stream,2184848,westus2,ADLS
e00391,A072,2024-02-01T12:00:00,batch,2076585,westus2,ADLS
e00392,A073,2024-02-02T12:00:00,api,1976550,westus2,ADLS
e00393,A074,2024-02-03T12:00:00,batch,4851970,westus2,ADLS
e00394,A075,2024-02-04T12:00:00,batch,544616,eastus,ADLS
e00395,A076,2024-02-05T12:00:00,batch,2064171,westeurope,ADLS
e00396,A077,2024-02-06T12:00:00,stream,1941964,westeurope,ADLS
e00397,A078,2024-02-07T12:00:00,api,3892606,westus2,ADLS
e00398,A079,2024-02-08T12:00:00,api,38682,eastus,ADLS
e00399,A080,2024-02-09T12:00:00,api,3761589,eastus,ADLS
e00400,A001,2024-02-10T12:00:00,api,2464545,westus2,ADLS
e00401,A002,2024-02-11T12:00:00,api,423711,westus2,ADLS
e00402,A003,2024-02-12T12:00:00,stream,4893183,westus2,ADLS
e00403,A004,2024-02-13T12:00:00,api,3123549,westeurope,ADLS
e00404,A005,2024-02-14T12:00:00,api,3768440,westeurope,ADLS
e00405,A006,2024-02-15T12:00:00,batch,54179,westus2,ADLS
e00406,A007,2024-02-16T12:00:00,stream,2934493,westus2,ADLS
e00407,A008,2024-02-17T12:00:00,api,3093951,eastus,ADLS
e00408,A009,2024-02-18T12:00:00,api,371495,westus2,ADLS
e00409,A010,2024-02-19T12:00:00,batch,321746,westeurope,ADLS
e00410,A011,2024-02-20T12:00:00,stream,1707593,westus2,ADLS
e00411,A012,2024-02-21T12:00:00,batch,3431897,westeurope,ADLS
e00412,A013,2024-02-22T12:00:00,batch,1554109,westeurope,ADLS
e00413,A014,2024-02-23T12:00:00,batch,654764,westus2,ADLS
e00414,A015,2024-02-24T12:00:00,api,4158605,westeurope,ADLS
e00415,A016,2024-02-25T12:00:00,batch,531756,eastus,ADLS
e00416,A017,2024-02-26T12:00:00,api,3316989,westeurope,ADLS
e00417,A018,2024-02-27T12:00:00,stream,1297477,westeurope,ADLS
e00418,A019,2024-02-28T12:00:00,stream,765643,westeurope,ADLS
e00419,A020,2024-02-29T12:00:00,api,3337754,westeurope,ADLS
e00420,A021,2024-03-01T12:00:00,batch,3438558,eastus,ADLS
e00421,A022,2024-03-02T12:00:00,stream,2581300,eastus,ADLS
e00422,A023,2024-03-03T12:00:00,api,2621281,westeurope,ADLS
e00423,A024,2024-03-04T12:00:00,stream,2997257,eastus,ADLS
e00424,A025,2024-03-05T12:00:00,batch,153783,eastus,ADLS
e00425,A026,2024-03-06T12:00:00,stream,1655246,eastus,ADLS
e00426,A027,2024-03-07T12:00:00,stream,3398163,westus2,ADLS
e00427,A028,2024-03-08T12:00:00,api,3643033,westus2,ADLS
e00428,A029,2024-03-09T12:00:00,batch,953436,westus2,ADLS
e00429,A030,2024-03-10T12:00:00,batch,4847901,eastus,ADLS
e00430,A031,2024-03-11T12:00:00,batch,1364522,westus2,ADLS
e00431,A032,2024-03-12T12:00:00,api,434652,westeurope,ADLS
e00432,A033,2024-03-13T12:00:00,api,3328921,westus2,ADLS
e00433,A034,2024-03-14T12:00:00,stream,3111861,westeurope,ADLS
e00434,A035,2024-03-15T12:00:00,stream,1441203,westus2,ADLS
e00435,A036,2024-03-16T12:00:00,batch,2377450,westus2,ADLS
e00436,A037,2024-03-17T12:00:00,stream,1442039,westus2,ADLS
e00437,A038,2024-03-18T12:00:00,api,3220000,eastus,ADLS
e00438,A039,2024-03-19T12:00:00,api,2531132,westus2,ADLS
e00439,A040,2024-03-20T12:00:00,api,4050487,eastus,ADLS
e00440,A041,2024-03-21T12:00:00,api,3254900,westus2,ADLS
e00441,A042,2024-03-22T12:00:00,stream,1345493,westeurope,ADLS
e00442,A043,2024-03-23T12:00:00,api,3394062,westeurope,ADLS
e00443,A044,2024-03-24T12:00:00,api,3968435,westus2,ADLS
e00444,A045,2024-03-25T12:00:00,stream,1830864,westus2,ADLS
e00445,A046,2024-03-26T12:00:00,batch,4345397,westus2,ADLS
e00446,A047,2024-03-27T12:00:00,batch,3014252,westus2,ADLS
e00447,A048,2024-03-28T12:00:00,api,2073480,westeurope,ADLS
e00448,A049,2024-03-29T12:00:00,api,345763,westeurope,ADLS
e00449,A050,2024-03-30T12:00:00,stream,320846,westeurope,ADLS
e00450,A051,2024-03-31T12:00:00,batch,988599,eastus,ADLS
e00451,A052,2024-04-01T12:00:00,stream,3823969,westeurope,ADLS
e00452,A053,2024-04-02T12:00:00,stream,2569710,westeurope,ADLS
e00453,A054,2024-04-03T12:00:00,batch,2586466,westeurope,ADLS
e00454,A055,2024-04-04T12:00:00,api,3572364,eastus,ADLS
e00455,A056,2024-04-05T12:00:00,stream,3083394,eastus,ADLS
e00456,A057,2024-04-06T12:00:00,stream,3678168,westus2,ADLS
e00457,A058,2024-04-07T12:00:00,api,30428,westeurope,ADLS
e00458,A059,2024-04-08T12:00:00,batch,3903993,westus2,ADLS
e00459,A060,2024-04-09T12:00:00,batch,3845407,westus2,ADLS
e00460,A061,2024-04-10T12:00:00,batch,3359315,westus2,ADLS
e00461,A062,2024-04-11T12:00:00,api,1078566,eastus,ADLS
e00462,A063,2024-04-12T12:00:00,batch,3065629,westus2,ADLS
e00463,A064,2024-04-13T12:00:00,batch,4231727,westeurope,ADLS
e00464,A065,2024-04-14T12:00:00,stream,342976,westus2,ADLS
e00465,A066,2024-04-15T12:00:00,stream,1093792,westus2,ADLS
e00466,A067,2024-04-16T12:00:00,stream,2632723,westeurope,ADLS
e00467,A068,2024-04-17T12:00:00,stream,671819,westus2,ADLS
e00468,A069,2024-04-18T12:00:00,stream,3170741,westeurope,ADLS
e00469,A070,2024-04-19T12:00:00,api,217899,westus2,ADLS
e00470,A071,2024-04-20T12:00:00,stream,920291,westus2,ADLS
e00471,A072,2024-04-21T12:00:00,api,4127104,eastus,ADLS
e00472,A073,2024-04-22T12:00:00,api,1855945,westus2,ADLS
e00473,A074,2024-04-23T12:00:00,batch,2116781,westus2,ADLS
e00474,A075,2024-04-24T12:00:00,batch,2307805,eastus,ADLS
e00475,A076,2024-04-25T12:00:00,api,2133060,westeurope,ADLS
e00476,A077,2024-04-26T12:00:00,batch,1748542,westeurope,ADLS
e00477,A078,2024-04-27T12:00:00,batch,4245694,westus2,ADLS
e00478,A079,2024-04-28T12:00:00,batch,3123801,westus2,ADLS
e00479,A080,2024-04-29T12:00:00,api,1528535,eastus,ADLS
e00480,A001,2024-04-30T12:00:00,api,2334695,westeurope,ADLS
e00481,A002,2024-05-01T12:00:00,batch,3162170,westus2,ADLS
e00482,A003,2024-05-02T12:00:00,batch,966350,westeurope,ADLS
e00483,A004,2024-05-03T12:00:00,api,3019046,eastus,ADLS
e00484,A005,2024-05-04T12:00:00,stream,4375260,westeurope,ADLS
e00485,A006,2024-05-05T12:00:00,stream,878522,eastus,ADLS
e00486,A007,2024-05-06T12:00:00,stream,3308262,westeurope,ADLS
e00487,A008,2024-05-07T12:00:00,batch,2221918,eastus,ADLS
e00488,A009,2024-05-08T12:00:00,batch,4844251,westus2,ADLS
e00489,A010,2024-05-09T12:00:00,batch,2776193,westus2,ADLS
e00490,A011,2024-05-10T12:00:00,batch,1930776,westus2,ADLS
e00491,A012,2024-05-11T12:00:00,stream,406098,eastus,ADLS
e00492,A013,2024-05-12T12:00:00,stream,2128791,eastus,ADLS
e00493,A014,2024-05-13T12:00:00,stream,4915636,westeurope,ADLS
e00494,A015,2024-05-14T12:00:00,batch,16023,westeurope,ADLS
e00495,A016,2024-05-15T12:00:00,api,1860230,westus2,ADLS
e00496,A017,2024-05-16T12:00:00,batch,3626832,eastus,ADLS
e00497,A018,2024-05-17T12:00:00,stream,3055283,westus2,ADLS
e00498,A019,2024-05-18T12:00:00,api,4097950,westus2,ADLS
e00499,A020,2024-05-19T12:00:00,stream,383383,westus2,ADLS
e00500,A021,2024-05-20T12:00:00,api,22940,westeurope,ADLS
